Date,Return
1990-03-01,0.0
1990-03-02,24.769999999999982
1990-03-05,-10.809999999999945
1990-03-06,27.25
1990-03-07,-7.210000000000036
1990-03-08,26.579999999999927
1990-03-09,-12.840000000000146
1990-03-12,3.380000000000109
1990-03-13,-12.159999999999854
1990-03-14,13.289999999999964
1990-03-15,7.879999999999654
1990-03-16,45.5
1990-03-19,14.41000000000031
1990-03-20,-16.890000000000327
1990-03-21,-10.809999999999945
1990-03-22,-32.210000000000036
1990-03-23,8.5600000000004
1990-03-26,3.3799999999996544
1990-03-27,29.2800000000002
1990-03-28,6.75
1990-03-29,-15.990000000000236
1990-03-30,-20.48999999999978
1990-04-02,-6.760000000000218
1990-04-03,36.26000000000022
1990-04-04,-17.340000000000146
1990-04-05,1.800000000000182
1990-04-06,-4.050000000000182
1990-04-09,4.950000000000273
1990-04-10,9.009999999999764
1990-04-11,-1.349999999999909
1990-04-12,22.070000000000164
1990-04-13,0.0
1990-04-16,11.259999999999764
1990-04-17,2.7100000000000364
1990-04-18,-32.88999999999987
1990-04-19,-20.940000000000055
1990-04-20,-15.990000000000236
1990-04-23,-29.279999999999745
1990-04-24,-12.170000000000073
1990-04-25,11.940000000000055
1990-04-26,10.139999999999873
1990-04-27,-31.529999999999745
1990-04-30,11.710000000000036
1990-05-01,12.159999999999854
1990-05-02,20.7199999999998
1990-05-03,6.5300000000002
1990-05-04,14.190000000000055
1990-05-07,11.259999999999764
1990-05-08,11.940000000000055
1990-05-09,-0.6799999999998363
1990-05-10,5.630000000000109
1990-05-11,63.06999999999971
1990-05-14,19.950000000000273
1990-05-15,0.919999999999618
1990-05-16,-2.769999999999982
1990-05-17,12.0300000000002
1990-05-18,-11.800000000000182
1990-05-21,24.769999999999982
1990-05-22,7.550000000000182
1990-05-23,4.0300000000002
1990-05-24,-0.7100000000000364
1990-05-25,-34.63000000000011
1990-05-28,0.0
1990-05-29,49.56999999999971
1990-05-30,8.070000000000164
1990-05-31,-1.900000000000091
1990-06-01,24.309999999999945
1990-06-04,34.220000000000255
1990-06-05,-10.190000000000055
1990-06-06,-13.349999999999909
1990-06-07,-14.320000000000164
1990-06-08,-34.94999999999982
1990-06-11,30.190000000000055
1990-06-12,40.84999999999991
1990-06-13,-3.4700000000002547
1990-06-14,-1.7300000000000182
1990-06-15,7.670000000000073
1990-06-18,-53.710000000000036
1990-06-19,11.38000000000011
1990-06-20,1.7400000000002365
1990-06-21,6.429999999999836
1990-06-22,-44.55000000000018
1990-06-25,-12.129999999999654
1990-06-26,-2.7200000000002547
1990-06-27,19.800000000000182
1990-06-28,16.579999999999927
1990-06-29,1.9800000000000182
1990-07-02,18.570000000000164
1990-07-03,12.36999999999989
1990-07-04,0.0
1990-07-05,-32.42000000000007
1990-07-06,25.73999999999978
1990-07-09,9.16000000000031
1990-07-10,-23.269999999999982
1990-07-11,41.82999999999993
1990-07-12,37.13000000000011
1990-07-13,10.399999999999636
1990-07-16,19.550000000000182
1990-07-17,0.0
1990-07-18,-18.070000000000164
1990-07-19,12.13000000000011
1990-07-20,-32.67000000000007
1990-07-23,-56.440000000000055
1990-07-24,17.820000000000164
1990-07-25,8.420000000000073
1990-07-26,-10.150000000000091
1990-07-27,-22.279999999999745
1990-07-30,18.81999999999971
1990-07-31,-12.13000000000011
1990-08-01,-5.9399999999996
1990-08-02,-34.66000000000031
1990-08-03,-54.94999999999982
1990-08-06,-93.30999999999995
1990-08-07,-5.700000000000273
1990-08-08,24.26000000000022
1990-08-09,24.009999999999764
1990-08-10,-42.32999999999993
1990-08-13,30.200000000000273
1990-08-14,0.9899999999997817
1990-08-15,0.5
1990-08-16,-66.82999999999993
1990-08-17,-36.63999999999987
1990-08-20,11.639999999999873
1990-08-21,-52.48000000000002
1990-08-22,-43.809999999999945
1990-08-23,-76.73000000000002
1990-08-24,49.5
1990-08-27,78.71000000000004
1990-08-28,3.2199999999998
1990-08-29,17.579999999999927
1990-08-30,-39.10999999999967
1990-08-31,21.039999999999964
1990-09-03,0.0
1990-09-04,-0.9900000000002365
1990-09-05,14.849999999999909
1990-09-06,-31.929999999999836
1990-09-07,23.26000000000022
1990-09-10,-3.9600000000000364
1990-09-11,-2.9700000000002547
1990-09-12,13.11999999999989
1990-09-13,-43.06999999999971
1990-09-14,-18.559999999999945
1990-09-17,3.2199999999998
1990-09-18,3.9600000000000364
1990-09-19,-13.860000000000127
1990-09-20,-39.10999999999967
1990-09-21,-5.940000000000055
1990-09-24,-59.41000000000031
1990-09-25,32.67000000000007
1990-09-26,-25.98999999999978
1990-09-27,-32.17000000000007
1990-09-28,25.0
1990-10-01,63.36000000000013
1990-10-02,-10.640000000000327
1990-10-03,-15.83999999999969
1990-10-04,27.4699999999998
1990-10-05,-6.190000000000055
1990-10-08,13.120000000000346
1990-10-09,-78.22000000000025
1990-10-10,-37.61999999999989
1990-10-11,-42.820000000000164
1990-10-12,32.92000000000007
1990-10-15,18.320000000000164
1990-10-16,-35.15000000000009
1990-10-17,6.679999999999836
1990-10-18,64.84999999999991
1990-10-19,68.07000000000016
1990-10-22,-4.699999999999818
1990-10-23,-22.0300000000002
1990-10-24,10.150000000000091
1990-10-25,-20.050000000000182
1990-10-26,-48.01999999999998
1990-10-29,-5.940000000000055
1990-10-30,17.820000000000164
1990-10-31,-5.690000000000055
1990-11-01,12.61999999999989
1990-11-02,35.89000000000033
1990-11-05,11.389999999999873
1990-11-06,-17.079999999999927
1990-11-07,-44.309999999999945
1990-11-08,2.9699999999998
1990-11-09,44.80000000000018
1990-11-12,51.73999999999978
1990-11-13,-4.949999999999818
1990-11-14,24.25
1990-11-15,-14.599999999999909
1990-11-16,5.199999999999818
1990-11-19,15.099999999999909
1990-11-20,-35.15000000000009
1990-11-21,9.16000000000031
1990-11-22,0.0
1990-11-23,-12.13000000000011
1990-11-26,5.940000000000055
1990-11-27,10.639999999999873
1990-11-28,-8.659999999999854
1990-11-29,-16.340000000000146
1990-11-30,40.840000000000146
1990-12-03,5.940000000000055
1990-12-04,14.109999999999673
1990-12-05,30.700000000000273
1990-12-06,-7.920000000000073
1990-12-07,-12.38000000000011
1990-12-10,6.680000000000291
1990-12-11,-10.640000000000327
1990-12-12,36.14000000000033
1990-12-13,-7.920000000000073
1990-12-14,-20.550000000000182
1990-12-17,-0.4899999999997817
1990-12-18,33.409999999999854
1990-12-19,0.0
1990-12-20,2.730000000000018
1990-12-21,4.199999999999818
1990-12-24,-12.36999999999989
1990-12-25,0.0
1990-12-26,15.840000000000146
1990-12-27,-11.63000000000011
1990-12-28,3.7100000000000364
1990-12-31,4.449999999999818
1991-01-01,0.0
1991-01-02,-23.019999999999982
1991-01-03,-37.129999999999654
1991-01-04,-7.420000000000073
1991-01-07,-43.320000000000164
1991-01-08,-13.360000000000127
1991-01-09,-39.10999999999967
1991-01-10,28.460000000000036
1991-01-11,2.7299999999995634
1991-01-14,-17.579999999999927
1991-01-15,6.680000000000291
1991-01-16,18.31999999999971
1991-01-17,114.60000000000036
1991-01-18,23.269999999999982
1991-01-21,-17.570000000000164
1991-01-22,-25.990000000000236
1991-01-23,15.840000000000146
1991-01-24,24.01000000000022
1991-01-25,16.33999999999969
1991-01-28,-4.949999999999818
1991-01-29,8.159999999999854
1991-01-30,50.5
1991-01-31,23.269999999999982
1991-02-01,-5.699999999999818
1991-02-04,41.590000000000146
1991-02-05,16.08999999999969
1991-02-06,42.570000000000164
1991-02-07,-20.300000000000182
1991-02-08,20.050000000000182
1991-02-11,71.53999999999996
1991-02-12,-27.480000000000018
1991-02-13,34.409999999999854
1991-02-14,-31.929999999999836
1991-02-15,57.42000000000007
1991-02-18,0.0
1991-02-19,-2.4700000000002547
1991-02-20,-33.16999999999962
1991-02-21,-7.180000000000291
1991-02-22,-2.4699999999998
1991-02-25,-1.4900000000002365
1991-02-26,-23.269999999999982
1991-02-27,24.51000000000022
1991-02-28,-6.930000000000291
1991-03-01,27.720000000000255
1991-03-04,4.210000000000036
1991-03-05,58.409999999999854
1991-03-06,0.75
1991-03-07,-9.900000000000091
1991-03-08,-8.170000000000073
1991-03-11,-15.83999999999969
1991-03-12,-16.840000000000146
1991-03-13,32.679999999999836
1991-03-14,-2.9699999999998
1991-03-15,-3.9600000000000364
1991-03-18,-18.320000000000164
1991-03-19,-62.129999999999654
1991-03-20,4.210000000000036
1991-03-21,-16.580000000000382
1991-03-22,3.4600000000000364
1991-03-25,6.930000000000291
1991-03-26,49.00999999999976
1991-03-27,2.7200000000002547
1991-03-28,-3.7100000000000364
1991-03-29,0.0
1991-04-01,-32.67000000000007
1991-04-02,63.86000000000013
1991-04-03,-18.320000000000164
1991-04-04,-2.230000000000018
1991-04-05,-27.7199999999998
1991-04-08,21.779999999999745
1991-04-09,-45.539999999999964
1991-04-10,1.4800000000000182
1991-04-11,30.949999999999818
1991-04-12,15.340000000000146
1991-04-15,12.38000000000011
1991-04-16,53.710000000000036
1991-04-17,17.579999999999927
1991-04-18,-5.199999999999818
1991-04-19,-33.67000000000007
1991-04-22,-37.870000000000346
1991-04-23,2.730000000000018
1991-04-24,19.050000000000182
1991-04-25,-28.460000000000036
1991-04-26,-8.659999999999854
1991-04-29,-35.40000000000009
1991-04-30,10.889999999999873
1991-05-01,42.32999999999993
1991-05-02,8.41000000000031
1991-05-03,0.25
1991-05-06,2.7799999999997453
1991-05-07,-24.15000000000009
1991-05-08,13.41000000000031
1991-05-09,40.25
1991-05-10,-50.98000000000002
1991-05-13,4.25
1991-05-14,-37.570000000000164
1991-05-15,-21.4699999999998
1991-05-16,28.63000000000011
1991-05-17,-7.380000000000109
1991-05-20,5.589999999999691
1991-05-21,13.860000000000127
1991-05-22,4.25
1991-05-23,-10.289999999999964
1991-05-24,13.86999999999989
1991-05-27,-0.8999999999996362
1991-05-28,45.84999999999991
1991-05-29,10.730000000000018
1991-05-30,30.859999999999673
1991-05-31,27.050000000000182
1991-06-03,7.829999999999927
1991-06-04,-7.380000000000109
1991-06-05,-22.579999999999927
1991-06-06,-10.509999999999764
1991-06-07,-18.120000000000346
1991-06-10,-1.3399999999996908
1991-06-11,10.509999999999764
1991-06-12,-23.920000000000073
1991-06-13,3.130000000000109
1991-06-14,35.32999999999993
1991-06-17,-6.489999999999782
1991-06-18,-7.150000000000091
1991-06-19,-31.309999999999945
1991-06-20,-1.5599999999999454
1991-06-21,11.61999999999989
1991-06-24,-52.54999999999973
1991-06-25,-2.900000000000091
1991-06-26,2.900000000000091
1991-06-27,21.919999999999618
1991-06-28,-28.179999999999836
1991-07-01,51.659999999999854
1991-07-02,14.309999999999945
1991-07-03,-38.01999999999998
1991-07-04,0.0
1991-07-05,-2.230000000000018
1991-07-08,29.519999999999982
1991-07-09,-14.759999999999764
1991-07-10,-2.4600000000000364
1991-07-11,14.980000000000018
1991-07-12,21.019999999999982
1991-07-15,9.840000000000146
1991-07-16,-6.710000000000036
1991-07-17,-5.139999999999873
1991-07-18,37.559999999999945
1991-07-19,0.0
1991-07-22,-3.350000000000364
1991-07-23,-29.73999999999978
1991-07-24,-17.0
1991-07-25,13.86999999999989
1991-07-26,-7.599999999999909
1991-07-29,12.739999999999782
1991-07-30,31.080000000000382
1991-07-31,8.5
1991-08-01,-7.150000000000091
1991-08-02,-11.409999999999854
1991-08-05,-17.220000000000255
1991-08-06,38.24000000000024
1991-08-07,-0.6700000000000728
1991-08-08,-12.75
1991-08-09,-17.66000000000031
1991-08-12,5.140000000000327
1991-08-13,7.379999999999654
1991-08-14,-3.349999999999909
1991-08-15,-6.940000000000055
1991-08-16,-30.409999999999854
1991-08-19,-69.98999999999978
1991-08-20,15.659999999999854
1991-08-21,88.09999999999991
1991-08-22,5.5900000000001455
1991-08-23,32.86999999999989
1991-08-26,-0.8899999999998727
1991-08-27,-13.200000000000273
1991-08-28,29.070000000000164
1991-08-29,-5.5900000000001455
1991-08-30,-6.039999999999964
1991-09-02,0.0
1991-09-03,-25.929999999999836
1991-09-04,-9.170000000000073
1991-09-05,0.0
1991-09-06,3.130000000000109
1991-09-09,-4.470000000000255
1991-09-10,-24.59999999999991
1991-09-11,4.470000000000255
1991-09-12,20.799999999999727
1991-09-13,-22.139999999999873
1991-09-16,29.519999999999982
1991-09-17,-2.019999999999982
1991-09-18,4.699999999999818
1991-09-19,6.480000000000018
1991-09-20,-5.139999999999873
1991-09-23,-8.7199999999998
1991-09-24,18.559999999999945
1991-09-25,-8.050000000000182
1991-09-26,-3.800000000000182
1991-09-27,-11.179999999999836
1991-09-30,10.730000000000018
1991-10-01,1.5700000000001637
1991-10-02,-5.820000000000164
1991-10-03,-27.730000000000018
1991-10-04,-23.029999999999745
1991-10-07,-19.01000000000022
1991-10-08,21.019999999999982
1991-10-09,-17.440000000000055
1991-10-10,30.190000000000055
1991-10-11,7.1599999999998545
1991-10-14,35.76999999999998
1991-10-15,21.920000000000073
1991-10-16,20.34999999999991
1991-10-17,-8.7199999999998
1991-10-18,24.15000000000009
1991-10-21,-16.769999999999982
1991-10-22,-20.579999999999927
1991-10-23,1.1199999999998909
1991-10-24,-24.59999999999991
1991-10-25,-11.400000000000091
1991-10-28,40.69999999999982
1991-10-29,16.320000000000164
1991-10-30,9.840000000000146
1991-10-31,-2.680000000000291
1991-11-01,-12.75
1991-11-04,-10.730000000000018
1991-11-05,-14.309999999999945
1991-11-06,7.150000000000091
1991-11-07,15.650000000000091
1991-11-08,-8.490000000000236
1991-11-11,-3.3599999999996726
1991-11-12,11.849999999999909
1991-11-13,11.190000000000055
1991-11-14,-1.7899999999999636
1991-11-15,-120.3100000000004
1991-11-18,29.519999999999982
1991-11-19,-41.149999999999636
1991-11-20,-1.5599999999999454
1991-11-21,2.6799999999998363
1991-11-22,-29.960000000000036
1991-11-25,-0.6700000000000728
1991-11-26,14.079999999999927
1991-11-27,-16.09999999999991
1991-11-28,0.0
1991-11-29,-5.360000000000127
1991-12-02,40.70000000000027
1991-12-03,-5.820000000000164
1991-12-04,-17.889999999999873
1991-12-05,-22.579999999999927
1991-12-06,-2.6900000000000546
1991-12-09,-14.75
1991-12-10,-7.829999999999927
1991-12-11,1.5599999999999454
1991-12-12,29.75
1991-12-13,19.230000000000018
1991-12-16,4.690000000000055
1991-12-17,-16.769999999999982
1991-12-18,5.809999999999945
1991-12-19,6.269999999999982
1991-12-20,20.11999999999989
1991-12-23,88.09999999999991
1991-12-24,28.40000000000009
1991-12-25,0.0
1991-12-26,31.980000000000018
1991-12-27,18.559999999999945
1991-12-30,62.38999999999987
1991-12-31,4.920000000000073
1992-01-01,0.0
1992-01-02,3.5799999999999272
1992-01-03,29.070000000000164
1992-01-06,-1.349999999999909
1992-01-07,4.699999999999818
1992-01-08,-0.8899999999998727
1992-01-09,5.5900000000001455
1992-01-10,-10.070000000000164
1992-01-13,-13.860000000000127
1992-01-14,60.59999999999991
1992-01-15,12.300000000000182
1992-01-16,-8.949999999999818
1992-01-17,15.429999999999836
1992-01-20,-10.949999999999818
1992-01-21,-30.640000000000327
1992-01-22,32.42000000000007
1992-01-23,-29.070000000000164
1992-01-24,6.040000000000418
1992-01-27,7.829999999999927
1992-01-28,31.529999999999745
1992-01-29,-47.179999999999836
1992-01-30,19.90000000000009
1992-01-31,-21.470000000000255
1992-02-03,10.730000000000018
1992-02-04,38.690000000000055
1992-02-05,-15.210000000000036
1992-02-06,-2.0099999999997635
1992-02-07,-30.190000000000055
1992-02-10,19.679999999999836
1992-02-11,6.4900000000002365
1992-02-12,25.259999999999764
1992-02-13,-30.179999999999836
1992-02-14,-0.680000000000291
1992-02-17,0.0
1992-02-18,-21.23999999999978
1992-02-19,5.5900000000001455
1992-02-20,50.31999999999971
1992-02-21,-0.4499999999998181
1992-02-24,2.230000000000018
1992-02-25,-24.590000000000146
1992-02-26,25.490000000000236
1992-02-27,-13.870000000000346
1992-02-28,-1.7799999999997453
1992-03-02,7.599999999999909
1992-03-03,14.980000000000018
1992-03-04,-21.690000000000055
1992-03-05,-27.059999999999945
1992-03-06,-19.90000000000009
1992-03-09,-6.480000000000018
1992-03-10,15.86999999999989
1992-03-11,-22.359999999999673
1992-03-12,0.0
1992-03-13,27.279999999999745
1992-03-16,0.45000000000027285
1992-03-17,19.679999999999836
1992-03-18,-1.7899999999999636
1992-03-19,7.150000000000091
1992-03-20,14.989999999999782
1992-03-23,-4.25
1992-03-24,-11.179999999999836
1992-03-25,-1.5700000000001637
1992-03-26,8.2800000000002
1992-03-27,-36.23000000000002
1992-03-30,3.799999999999727
1992-03-31,0.2300000000000182
1992-04-01,13.860000000000127
1992-04-02,-15.210000000000036
1992-04-03,14.990000000000236
1992-04-06,26.379999999999654
1992-04-07,-61.9399999999996
1992-04-08,-32.20000000000027
1992-04-09,43.61000000000013
1992-04-10,30.409999999999854
1992-04-13,14.5300000000002
1992-04-14,36.23000000000002
1992-04-15,47.63000000000011
1992-04-16,12.739999999999782
1992-04-17,0.0
1992-04-20,-30.190000000000055
1992-04-21,6.940000000000055
1992-04-22,-4.480000000000018
1992-04-23,9.840000000000146
1992-04-24,-24.15000000000009
1992-04-27,-19.90000000000009
1992-04-28,3.3600000000001273
1992-04-29,25.259999999999764
1992-04-30,25.940000000000055
1992-05-01,-23.029999999999745
1992-05-04,42.039999999999964
1992-05-05,-18.7800000000002
1992-05-06,10.059999999999945
1992-05-07,-6.039999999999964
1992-05-08,6.039999999999964
1992-05-11,28.170000000000073
1992-05-12,-12.460000000000036
1992-05-13,6.860000000000127
1992-05-14,-23.09999999999991
1992-05-15,-15.789999999999964
1992-05-18,22.940000000000055
1992-05-19,21.95999999999958
1992-05-20,-4.149999999999636
1992-05-21,-15.13000000000011
1992-05-22,8.059999999999945
1992-05-25,0.0
1992-05-26,-22.559999999999945
1992-05-27,6.230000000000018
1992-05-28,27.98999999999978
1992-05-29,-1.5499999999997272
1992-06-01,16.329999999999927
1992-06-02,-17.110000000000127
1992-06-03,10.889999999999873
1992-06-04,-7.2599999999997635
1992-06-05,-1.0399999999999636
1992-06-08,5.449999999999818
1992-06-09,-34.2199999999998
1992-06-10,-26.700000000000273
1992-06-11,8.290000000000418
1992-06-12,2.8399999999996908
1992-06-15,0.5500000000001819
1992-06-16,-25.41000000000031
1992-06-17,-41.72999999999956
1992-06-18,-13.640000000000327
1992-06-19,11.230000000000018
1992-06-22,-4.549999999999727
1992-06-23,4.819999999999709
1992-06-24,5.079999999999927
1992-06-25,-6.6899999999996
1992-06-26,-1.6000000000003638
1992-06-29,37.45000000000027
1992-06-30,-1.3400000000001455
1992-07-01,35.57999999999993
1992-07-02,-23.809999999999945
1992-07-03,0.0
1992-07-06,8.920000000000073
1992-07-07,-44.039999999999964
1992-07-08,-1.8899999999998727
1992-07-09,30.799999999999727
1992-07-10,6.480000000000018
1992-07-13,6.75
1992-07-14,21.079999999999927
1992-07-15,-12.9699999999998
1992-07-16,16.210000000000036
1992-07-17,-29.990000000000236
1992-07-20,-28.639999999999873
1992-07-21,5.4099999999998545
1992-07-22,-30.799999999999727
1992-07-23,12.429999999999836
1992-07-24,-4.329999999999927
1992-07-27,-3.5100000000002183
1992-07-28,51.870000000000346
1992-07-29,45.11999999999989
1992-07-30,12.699999999999818
1992-07-31,1.8900000000003274
1992-08-03,1.6199999999998909
1992-08-04,-11.079999999999927
1992-08-05,-19.18000000000029
1992-08-06,-24.579999999999927
1992-08-07,-8.38000000000011
1992-08-10,5.400000000000091
1992-08-11,-6.480000000000018
1992-08-12,-10.269999999999982
1992-08-13,-7.559999999999945
1992-08-14,15.670000000000073
1992-08-17,-4.050000000000182
1992-08-18,4.5900000000001455
1992-08-19,-22.420000000000073
1992-08-20,-2.1700000000000728
1992-08-21,-50.789999999999964
1992-08-24,-25.929999999999836
1992-08-25,4.049999999999727
1992-08-26,14.590000000000146
1992-08-27,7.829999999999927
1992-08-28,12.970000000000255
1992-08-31,-10.260000000000218
1992-09-01,8.91000000000031
1992-09-02,24.049999999999727
1992-09-03,1.8899999999998727
1992-09-04,-10.269999999999982
1992-09-07,0.0
1992-09-08,-21.33999999999969
1992-09-09,10.799999999999727
1992-09-10,33.76999999999998
1992-09-11,0.5399999999999636
1992-09-14,70.51999999999998
1992-09-15,-48.899999999999636
1992-09-16,-8.110000000000127
1992-09-17,-3.5100000000002183
1992-09-18,11.350000000000364
1992-09-21,-6.220000000000255
1992-09-22,-39.98000000000002
1992-09-23,-2.1599999999998545
1992-09-24,9.179999999999836
1992-09-25,-37.54999999999973
1992-09-28,25.940000000000055
1992-09-29,-9.460000000000036
1992-09-30,4.859999999999673
1992-10-01,-17.289999999999964
1992-10-02,-53.75999999999976
1992-10-05,-21.610000000000127
1992-10-06,-0.8099999999999454
1992-10-07,-25.940000000000055
1992-10-08,23.7800000000002
1992-10-09,-39.45000000000027
1992-10-12,37.82999999999993
1992-10-13,27.01000000000022
1992-10-14,-5.940000000000055
1992-10-15,-20.800000000000182
1992-10-16,-0.2699999999999818
1992-10-19,14.039999999999964
1992-10-20,-2.4299999999998363
1992-10-21,1.0799999999999272
1992-10-22,13.7800000000002
1992-10-23,6.7599999999997635
1992-10-26,36.470000000000255
1992-10-27,-8.38000000000011
1992-10-28,15.670000000000073
1992-10-29,-5.130000000000109
1992-10-30,-19.98999999999978
1992-11-02,35.929999999999836
1992-11-03,-9.730000000000018
1992-11-04,-29.440000000000055
1992-11-05,20.800000000000182
1992-11-06,-3.7800000000002
1992-11-09,0.8099999999999454
1992-11-10,-15.400000000000091
1992-11-11,14.860000000000127
1992-11-12,-0.5399999999999636
1992-11-13,-6.7599999999997635
1992-11-16,-27.29000000000042
1992-11-17,-12.419999999999618
1992-11-18,14.049999999999727
1992-11-19,2.1600000000003092
1992-11-20,17.829999999999927
1992-11-23,-4.320000000000164
1992-11-24,25.659999999999854
1992-11-25,17.5600000000004
1992-11-26,0.0
1992-11-27,15.9399999999996
1992-11-30,22.960000000000036
1992-12-01,-10.799999999999727
1992-12-02,-7.8400000000001455
1992-12-03,-9.989999999999782
1992-12-04,12.149999999999636
1992-12-07,18.65000000000009
1992-12-08,14.849999999999909
1992-12-09,1.6300000000001091
1992-12-10,-11.61999999999989
1992-12-11,-8.110000000000127
1992-12-14,-11.88000000000011
1992-12-15,-7.839999999999691
1992-12-16,-29.18000000000029
1992-12-17,14.050000000000182
1992-12-18,44.039999999999964
1992-12-21,-0.8099999999999454
1992-12-22,8.639999999999873
1992-12-23,-7.559999999999945
1992-12-24,12.699999999999818
1992-12-25,0.0
1992-12-28,7.020000000000437
1992-12-29,-22.420000000000073
1992-12-30,10.259999999999764
1992-12-31,-19.98999999999978
1993-01-01,0.0
1993-01-04,8.109999999999673
1993-01-05,-1.349999999999909
1993-01-06,-2.7100000000000364
1993-01-07,-36.19999999999982
1993-01-08,-17.289999999999964
1993-01-11,11.079999999999927
1993-01-12,1.8899999999998727
1993-01-13,-1.0799999999999272
1993-01-14,4.320000000000164
1993-01-15,3.2399999999997817
1993-01-18,3.7899999999999636
1993-01-19,-18.920000000000073
1993-01-20,-14.039999999999964
1993-01-21,11.070000000000164
1993-01-22,3.7899999999999636
1993-01-25,35.38999999999987
1993-01-26,6.75
1993-01-27,-7.559999999999945
1993-01-28,14.860000000000127
1993-01-29,3.7800000000002
1993-02-01,22.149999999999636
1993-02-02,-3.5099999999997635
1993-02-03,45.11999999999989
1993-02-04,42.94999999999982
1993-02-05,25.40000000000009
1993-02-08,-4.599999999999909
1993-02-09,-22.960000000000036
1993-02-10,-2.1599999999998545
1993-02-11,10.269999999999982
1993-02-12,-30.26000000000022
1993-02-15,0.0
1993-02-16,-82.94000000000005
1993-02-17,2.700000000000273
1993-02-18,-10.0
1993-02-19,19.98999999999978
1993-02-22,20.809999999999945
1993-02-23,-19.7199999999998
1993-02-24,33.23000000000002
1993-02-25,8.639999999999873
1993-02-26,5.670000000000073
1993-03-01,-15.400000000000091
1993-03-02,45.120000000000346
1993-03-03,3.5099999999997635
1993-03-04,-5.130000000000109
1993-03-05,5.670000000000073
1993-03-08,64.84000000000015
1993-03-09,2.699999999999818
1993-03-10,6.220000000000255
1993-03-11,-21.340000000000146
1993-03-12,-29.179999999999836
1993-03-15,14.58999999999969
1993-03-16,0.5399999999999636
1993-03-17,-16.210000000000036
1993-03-18,38.90000000000009
1993-03-19,5.940000000000055
1993-03-22,-8.099999999999909
1993-03-23,-1.6199999999998909
1993-03-24,-16.480000000000018
1993-03-25,15.940000000000055
1993-03-26,-21.340000000000146
1993-03-29,15.11999999999989
1993-03-30,2.1700000000000728
1993-03-31,-22.159999999999854
1993-04-01,4.329999999999927
1993-04-02,-68.63000000000011
1993-04-05,8.38000000000011
1993-04-06,-1.6199999999998909
1993-04-07,19.449999999999818
1993-04-08,-0.5399999999999636
1993-04-09,0.0
1993-04-12,31.610000000000127
1993-04-13,15.940000000000055
1993-04-14,11.609999999999673
1993-04-15,0.2800000000002001
1993-04-16,22.690000000000055
1993-04-19,-11.620000000000346
1993-04-20,-23.5
1993-04-21,-4.049999999999727
1993-04-22,-10.269999999999982
1993-04-23,-15.400000000000091
1993-04-26,-15.400000000000091
1993-04-27,17.559999999999945
1993-04-28,-2.4299999999998363
1993-04-29,11.61999999999989
1993-04-30,2.430000000000291
1993-05-03,18.909999999999854
1993-05-04,-0.2699999999999818
1993-05-05,2.9099999999998545
1993-05-06,-7.199999999999818
1993-05-07,-4.710000000000036
1993-05-10,6.0900000000001455
1993-05-11,25.4699999999998
1993-05-12,13.559999999999945
1993-05-13,-34.320000000000164
1993-05-14,-4.979999999999563
1993-05-17,6.919999999999618
1993-05-18,-5.539999999999964
1993-05-19,55.64000000000033
1993-05-20,23.25
1993-05-21,-30.450000000000273
1993-05-24,14.950000000000273
1993-05-25,8.849999999999909
1993-05-26,23.529999999999745
1993-05-27,14.670000000000073
1993-05-28,-27.40000000000009
1993-05-31,0.0
1993-06-01,24.91000000000031
1993-06-02,1.1099999999996726
1993-06-03,-8.579999999999927
1993-06-04,0.2699999999999818
1993-06-07,-13.009999999999764
1993-06-08,-21.590000000000146
1993-06-09,1.3899999999998727
1993-06-10,-20.210000000000036
1993-06-11,13.290000000000418
1993-06-14,9.679999999999836
1993-06-15,-22.690000000000055
1993-06-16,19.65000000000009
1993-06-17,0.0
1993-06-18,-16.88000000000011
1993-06-21,16.050000000000182
1993-06-22,-13.289999999999964
1993-06-23,-30.720000000000255
1993-06-24,23.800000000000182
1993-06-25,0.27999999999974534
1993-06-28,39.309999999999945
1993-06-29,-11.349999999999909
1993-06-30,-2.769999999999982
1993-07-01,-5.539999999999964
1993-07-02,-26.570000000000164
1993-07-05,0.0
1993-07-06,-34.039999999999964
1993-07-07,25.740000000000236
1993-07-08,38.75
1993-07-09,6.639999999999873
1993-07-12,3.3200000000001637
1993-07-13,-8.940000000000055
1993-07-14,27.110000000000127
1993-07-15,8.379999999999654
1993-07-16,-22.639999999999873
1993-07-19,6.9900000000002365
1993-07-20,9.5
1993-07-21,10.61999999999989
1993-07-22,-30.18000000000029
1993-07-23,21.519999999999982
1993-07-26,20.960000000000036
1993-07-27,-2.2399999999997817
1993-07-28,-12.010000000000218
1993-07-29,13.970000000000255
1993-07-30,-27.950000000000273
1993-08-02,21.519999999999982
1993-08-03,0.2800000000002001
1993-08-04,-9.2199999999998
1993-08-05,-3.080000000000382
1993-08-06,11.460000000000036
1993-08-09,15.650000000000091
1993-08-10,-3.349999999999909
1993-08-11,10.61999999999989
1993-08-12,-14.259999999999764
1993-08-13,0.5599999999999454
1993-08-16,9.5
1993-08-17,7.829999999999927
1993-08-18,17.88000000000011
1993-08-19,7.269999999999982
1993-08-20,3.349999999999909
1993-08-23,-9.5
1993-08-24,32.98000000000002
1993-08-25,13.13000000000011
1993-08-26,-3.9100000000003092
1993-08-27,-7.549999999999727
1993-08-30,3.3599999999996726
1993-08-31,7.260000000000218
1993-09-01,-6.150000000000091
1993-09-02,-19.0
1993-09-03,7.829999999999927
1993-09-06,0.0
1993-09-07,-26.829999999999927
1993-09-08,-18.170000000000073
1993-09-09,0.5599999999999454
1993-09-10,32.14000000000033
1993-09-13,12.579999999999927
1993-09-14,-18.449999999999818
1993-09-15,17.889999999999873
1993-09-16,-2.800000000000182
1993-09-17,-17.59999999999991
1993-09-20,-37.44999999999982
1993-09-21,-38.5600000000004
1993-09-22,9.7800000000002
1993-09-23,-7.269999999999982
1993-09-24,3.3600000000001273
1993-09-27,24.58999999999969
1993-09-28,-1.6799999999998363
1993-09-29,0.2800000000002001
1993-09-30,-11.180000000000291
1993-10-01,25.990000000000236
1993-10-04,-3.349999999999909
1993-10-05,9.5
1993-10-06,11.729999999999563
1993-10-07,-15.359999999999673
1993-10-08,1.1099999999996726
1993-10-11,8.670000000000073
1993-10-12,-0.27999999999974534
1993-10-13,10.059999999999945
1993-10-14,18.440000000000055
1993-10-15,8.099999999999909
1993-10-18,12.579999999999927
1993-10-19,-6.989999999999782
1993-10-20,9.779999999999745
1993-10-21,-8.940000000000055
1993-10-22,13.140000000000327
1993-10-25,24.309999999999945
1993-10-26,-1.1200000000003456
1993-10-27,-7.829999999999927
1993-10-28,23.200000000000273
1993-10-29,-7.269999999999982
1993-11-01,12.019999999999982
1993-11-02,5.029999999999745
1993-11-03,-35.76999999999998
1993-11-04,-36.88999999999987
1993-11-05,18.449999999999818
1993-11-08,4.470000000000255
1993-11-09,-7.829999999999927
1993-11-10,23.480000000000018
1993-11-11,-1.1200000000003456
1993-11-12,22.080000000000382
1993-11-15,-6.9900000000002365
1993-11-16,7.820000000000164
1993-11-17,19.009999999999764
1993-11-18,-19.009999999999764
1993-11-19,8.670000000000073
1993-11-22,-23.76000000000022
1993-11-23,3.9200000000000728
1993-11-24,13.409999999999854
1993-11-25,0.0
1993-11-26,-3.630000000000109
1993-11-29,-6.149999999999636
1993-11-30,6.149999999999636
1993-12-01,13.13000000000011
1993-12-02,5.0300000000002
1993-12-03,1.9600000000000364
1993-12-06,6.139999999999873
1993-12-07,8.670000000000073
1993-12-08,15.650000000000091
1993-12-09,-4.75
1993-12-10,10.889999999999873
1993-12-13,23.759999999999764
1993-12-14,-21.799999999999727
1993-12-15,-25.710000000000036
1993-12-16,9.2199999999998
1993-12-17,25.43000000000029
1993-12-20,3.6399999999998727
1993-12-21,-10.059999999999945
1993-12-22,17.039999999999964
1993-12-23,-4.470000000000255
1993-12-24,0.0
1993-12-27,35.210000000000036
1993-12-28,0.8400000000001455
1993-12-29,0.5599999999999454
1993-12-30,-18.449999999999818
1993-12-31,-21.789999999999964
1994-01-03,2.5099999999997635
1994-01-04,27.300000000000182
1994-01-05,14.920000000000073
1994-01-06,5.059999999999945
1994-01-07,16.889999999999873
1994-01-10,44.74000000000024
1994-01-11,-15.200000000000273
1994-01-12,-1.6799999999998363
1994-01-13,-6.200000000000273
1994-01-14,24.769999999999982
1994-01-17,3.0900000000001455
1994-01-18,0.0
1994-01-19,14.079999999999927
1994-01-20,7.5900000000001455
1994-01-21,22.519999999999982
1994-01-24,-1.6900000000000546
1994-01-25,-17.449999999999818
1994-01-26,12.659999999999854
1994-01-27,18.300000000000182
1994-01-28,19.129999999999654
1994-01-31,32.93000000000029
1994-02-01,-14.349999999999909
1994-02-02,11.529999999999745
1994-02-03,-7.880000000000109
1994-02-04,-96.23999999999978
1994-02-07,34.90000000000009
1994-02-08,-0.2899999999999636
1994-02-09,25.889999999999873
1994-02-10,-36.57999999999993
1994-02-11,-0.5599999999999454
1994-02-14,9.279999999999745
1994-02-15,24.210000000000036
1994-02-16,9.0
1994-02-17,-14.63000000000011
1994-02-18,-35.179999999999836
1994-02-21,0.0
1994-02-22,24.199999999999818
1994-02-23,-19.980000000000018
1994-02-24,-51.779999999999745
1994-02-25,-1.1199999999998909
1994-02-28,-6.760000000000218
1994-03-01,-22.789999999999964
1994-03-02,22.509999999999764
1994-03-03,-7.319999999999709
1994-03-04,7.880000000000109
1994-03-07,23.919999999999618
1994-03-08,-4.5
1994-03-09,1.6900000000000546
1994-03-10,-22.789999999999964
1994-03-11,32.07999999999993
1994-03-14,0.2800000000002001
1994-03-15,-13.389999999999873
1994-03-16,-1.4400000000000546
1994-03-17,16.98999999999978
1994-03-18,30.51000000000022
1994-03-21,-30.800000000000182
1994-03-22,-2.299999999999727
1994-03-23,6.9099999999998545
1994-03-24,-48.36999999999989
1994-03-25,-46.36000000000013
1994-03-28,-12.38000000000011
1994-03-29,-63.32999999999993
1994-03-30,-72.26999999999998
1994-03-31,9.210000000000036
1994-04-01,0.0
1994-04-04,-42.61000000000013
1994-04-05,82.05999999999995
1994-04-06,4.320000000000164
1994-04-07,13.5300000000002
1994-04-08,-19.0
1994-04-11,14.569999999999709
1994-04-12,-7.139999999999873
1994-04-13,-20.220000000000255
1994-04-14,1.7800000000002
1994-04-15,-1.7800000000002
1994-04-18,-41.04999999999973
1994-04-19,-0.599999999999909
1994-04-20,-21.110000000000127
1994-04-21,53.82999999999993
1994-04-22,-3.8600000000001273
1994-04-25,57.100000000000364
1994-04-26,-6.2400000000002365
1994-04-27,0.0
1994-04-28,-31.230000000000018
1994-04-29,13.38000000000011
1994-05-02,19.329999999999927
1994-05-03,13.389999999999873
1994-05-04,-16.659999999999854
1994-05-05,-1.7800000000002
1994-05-06,-26.4699999999998
1994-05-09,-40.460000000000036
1994-05-10,27.36999999999989
1994-05-11,-27.36999999999989
1994-05-12,23.800000000000182
1994-05-13,6.839999999999691
1994-05-16,11.820000000000164
1994-05-17,49.11000000000013
1994-05-18,12.279999999999745
1994-05-19,26.090000000000146
1994-05-20,7.369999999999891
1994-05-23,-23.940000000000055
1994-05-24,2.7600000000002183
1994-05-25,10.13000000000011
1994-05-26,-1.8400000000001455
1994-05-27,3.6799999999998363
1994-05-30,0.0
1994-05-31,1.2300000000000182
1994-06-01,2.4600000000000364
1994-06-02,-1.8400000000001455
1994-06-03,13.230000000000018
1994-06-06,-3.699999999999818
1994-06-07,-12.610000000000127
1994-06-08,-6.460000000000036
1994-06-09,3.6900000000000546
1994-06-10,20.309999999999945
1994-06-13,9.670000000000073
1994-06-14,31.710000000000036
1994-06-15,-24.420000000000073
1994-06-16,20.93000000000029
1994-06-17,-34.559999999999945
1994-06-20,-34.88000000000011
1994-06-21,-33.93000000000029
1994-06-22,16.800000000000182
1994-06-23,-25.679999999999836
1994-06-24,-62.15000000000009
1994-06-27,48.559999999999945
1994-06-28,-15.860000000000127
1994-06-29,-2.5899999999996908
1994-06-30,-42.090000000000146
1994-07-01,21.690000000000055
1994-07-04,0.0
1994-07-05,5.829999999999927
1994-07-06,22.019999999999982
1994-07-07,13.920000000000073
1994-07-08,20.7199999999998
1994-07-11,-6.150000000000091
1994-07-12,-0.32999999999992724
1994-07-13,1.6200000000003456
1994-07-14,34.9699999999998
1994-07-15,14.559999999999945
1994-07-18,1.6199999999998909
1994-07-19,-7.119999999999891
1994-07-20,-21.039999999999964
1994-07-21,5.179999999999836
1994-07-22,2.5900000000001455
1994-07-25,6.800000000000182
1994-07-26,-6.160000000000309
1994-07-27,-15.210000000000036
1994-07-28,10.360000000000127
1994-07-29,33.67000000000007
1994-08-01,33.67000000000007
1994-08-02,-1.9500000000002728
1994-08-03,-3.5599999999999454
1994-08-04,-26.86999999999989
1994-08-05,-18.769999999999982
1994-08-08,6.789999999999964
1994-08-09,1.9500000000002728
1994-08-10,11.0
1994-08-11,-15.860000000000127
1994-08-12,17.809999999999945
1994-08-15,-8.420000000000073
1994-08-16,24.2800000000002
1994-08-17,-8.090000000000146
1994-08-18,-21.050000000000182
1994-08-19,-0.31999999999970896
1994-08-22,-3.8900000000003274
1994-08-23,24.610000000000127
1994-08-24,70.90000000000009
1994-08-25,-16.840000000000146
1994-08-26,51.16000000000031
1994-08-29,17.799999999999727
1994-08-30,18.450000000000273
1994-08-31,-3.880000000000109
1994-09-01,-11.980000000000018
1994-09-02,-15.860000000000127
1994-09-05,0.0
1994-09-06,13.11999999999989
1994-09-07,-12.449999999999818
1994-09-08,22.210000000000036
1994-09-09,-33.65000000000009
1994-09-12,-14.4699999999998
1994-09-13,19.519999999999982
1994-09-14,15.4699999999998
1994-09-15,58.55000000000018
1994-09-16,-20.5300000000002
1994-09-19,3.369999999999891
1994-09-20,-67.62999999999965
1994-09-21,-17.490000000000236
1994-09-22,-14.4699999999998
1994-09-23,-5.380000000000109
1994-09-26,17.48999999999978
1994-09-27,13.800000000000182
1994-09-28,15.139999999999873
1994-09-29,-23.549999999999727
1994-09-30,-11.440000000000055
1994-10-03,3.699999999999818
1994-10-04,-45.75999999999976
1994-10-05,-13.789999999999964
1994-10-06,-11.7800000000002
1994-10-07,21.86999999999989
1994-10-10,23.890000000000327
1994-10-11,55.50999999999976
1994-10-12,-1.6799999999998363
1994-10-13,14.799999999999727
1994-10-14,20.519999999999982
1994-10-17,13.460000000000036
1994-10-18,-6.389999999999873
1994-10-19,18.5
1994-10-20,-24.889999999999873
1994-10-21,-19.84999999999991
1994-10-24,-36.0
1994-10-25,-4.710000000000036
1994-10-26,-2.3600000000001273
1994-10-27,26.920000000000073
1994-10-28,55.50999999999976
1994-10-31,-22.539999999999964
1994-11-01,-44.75
1994-11-02,-26.23999999999978
1994-11-03,8.75
1994-11-04,-38.36000000000013
1994-11-07,1.349999999999909
1994-11-08,21.86999999999989
1994-11-09,1.0100000000002183
1994-11-10,-9.760000000000218
1994-11-11,-20.519999999999982
1994-11-14,28.26000000000022
1994-11-15,-3.369999999999891
1994-11-16,18.83999999999969
1994-11-17,-17.149999999999636
1994-11-18,-12.789999999999964
1994-11-21,-45.75
1994-11-22,-91.52000000000044
1994-11-23,-3.3599999999996726
1994-11-24,-2.019999999999982
1994-11-25,35.659999999999854
1994-11-28,31.289999999999964
1994-11-29,-1.0099999999997635
1994-11-30,0.6799999999998363
1994-12-01,-38.36000000000013
1994-12-02,44.75
1994-12-05,-3.699999999999818
1994-12-06,4.029999999999745
1994-12-07,-10.429999999999836
1994-12-08,-49.789999999999964
1994-12-09,5.380000000000109
1994-12-12,27.259999999999764
1994-12-13,-3.0299999999997453
1994-12-14,30.949999999999818
1994-12-15,19.179999999999836
1994-12-16,41.720000000000255
1994-12-19,-16.490000000000236
1994-12-20,-23.549999999999727
1994-12-21,34.65000000000009
1994-12-22,13.11999999999989
1994-12-23,18.509999999999764
1994-12-26,0.0
1994-12-27,28.26000000000022
1994-12-28,-22.200000000000273
1994-12-29,-6.059999999999945
1994-12-30,1.0100000000002183
1995-01-02,0.0
1995-01-03,4.039999999999964
1995-01-04,19.170000000000073
1995-01-05,-6.730000000000018
1995-01-06,16.48999999999978
1995-01-09,-6.059999999999945
1995-01-10,5.389999999999873
1995-01-11,-4.709999999999582
1995-01-12,-3.0300000000002
1995-01-13,49.460000000000036
1995-01-16,23.88000000000011
1995-01-17,-1.680000000000291
1995-01-18,-1.6799999999998363
1995-01-19,-46.76999999999998
1995-01-20,-12.7800000000002
1995-01-23,-2.019999999999982
1995-01-24,-4.710000000000036
1995-01-25,8.75
1995-01-26,-1.0099999999997635
1995-01-27,-12.450000000000273
1995-01-30,-25.909999999999854
1995-01-31,11.7800000000002
1995-02-01,3.699999999999818
1995-02-02,23.210000000000036
1995-02-03,57.86999999999989
1995-02-06,9.090000000000146
1995-02-07,-0.3400000000001455
1995-02-08,-2.019999999999982
1995-02-09,-2.6900000000000546
1995-02-10,6.390000000000327
1995-02-13,15.139999999999873
1995-02-14,4.039999999999964
1995-02-15,27.920000000000073
1995-02-16,1.349999999999909
1995-02-17,-33.98000000000002
1995-02-20,0.0
1995-02-21,10.429999999999836
1995-02-22,9.080000000000382
1995-02-23,30.279999999999745
1995-02-24,8.409999999999854
1995-02-27,-23.169999999999618
1995-02-28,22.480000000000018
1995-03-01,-16.25
1995-03-02,-14.870000000000346
1995-03-03,9.680000000000291
1995-03-06,7.949999999999818
1995-03-07,-34.929999999999836
1995-03-08,16.59999999999991
1995-03-09,4.1599999999998545
1995-03-10,52.220000000000255
1995-03-13,-10.38000000000011
1995-03-14,23.519999999999982
1995-03-15,-10.38000000000011
1995-03-16,30.7800000000002
1995-03-17,4.5
1995-03-20,10.029999999999745
1995-03-21,-11.069999999999709
1995-03-22,10.379999999999654
1995-03-23,4.8400000000001455
1995-03-24,50.840000000000146
1995-03-27,18.670000000000073
1995-03-28,-5.529999999999745
1995-03-29,8.989999999999782
1995-03-30,11.760000000000218
1995-03-31,-14.8700000000008
1995-04-03,10.720000000000255
1995-04-04,33.19999999999982
1995-04-05,-1.0399999999999636
1995-04-06,4.8400000000001455
1995-04-07,-12.789999999999964
1995-04-10,5.529999999999745
1995-04-11,-11.069999999999709
1995-04-12,10.730000000000473
1995-04-13,10.36999999999989
1995-04-14,0.0
1995-04-17,-12.800000000000182
1995-04-18,-16.25
1995-04-19,28.359999999999673
1995-04-20,23.170000000000073
1995-04-21,39.43000000000029
1995-04-24,33.88999999999942
1995-04-25,-3.8099999999994907
1995-04-26,-0.3400000000001455
1995-04-27,14.86999999999989
1995-04-28,6.5700000000006185
1995-05-01,-5.190000000000509
1995-05-02,12.800000000000182
1995-05-03,44.26999999999953
1995-05-04,-13.489999999999782
1995-05-05,-16.26000000000022
1995-05-08,40.470000000000255
1995-05-09,6.9099999999998545
1995-05-10,13.840000000000146
1995-05-11,6.569999999999709
1995-05-12,19.3700000000008
1995-05-15,6.9099999999998545
1995-05-16,-2.4200000000000728
1995-05-17,-12.449999999999818
1995-05-18,-81.96000000000004
1995-05-19,0.6899999999995998
1995-05-22,54.30000000000018
1995-05-23,40.80999999999949
1995-05-24,1.7200000000002547
1995-05-25,-25.93000000000029
1995-05-26,-43.22999999999956
1995-05-29,0.0
1995-05-30,9.680000000000291
1995-05-31,86.46000000000004
1995-06-01,7.609999999999673
1995-06-02,-28.359999999999673
1995-06-05,32.159999999999854
1995-06-06,8.649999999999636
1995-06-07,-23.170000000000073
1995-06-08,-3.4600000000000364
1995-06-09,-34.57999999999993
1995-06-12,22.470000000000255
1995-06-13,38.05000000000018
1995-06-14,6.569999999999709
1995-06-15,5.190000000000509
1995-06-16,14.519999999999527
1995-06-19,42.89000000000033
1995-06-20,-3.119999999999891
1995-06-21,-3.4600000000000364
1995-06-22,42.539999999999964
1995-06-23,-3.800000000000182
1995-06-26,-34.590000000000146
1995-06-27,-8.640000000000327
1995-06-28,14.180000000000291
1995-06-29,-6.229999999999563
1995-06-30,5.539999999999964
1995-07-03,29.049999999999272
1995-07-04,0.0
1995-07-05,30.079999999999927
1995-07-06,48.77000000000044
1995-07-07,38.72999999999956
1995-07-10,-0.339999999999236
1995-07-11,-21.789999999999964
1995-07-12,46.6899999999996
1995-07-13,0.18999999999959982
1995-07-14,-18.659999999999854
1995-07-17,27.470000000000255
1995-07-18,-50.01000000000022
1995-07-19,-57.409999999999854
1995-07-20,12.680000000000291
1995-07-21,0.0
1995-07-24,27.11999999999989
1995-07-25,45.779999999999745
1995-07-26,-7.389999999999418
1995-07-27,25.710000000000036
1995-07-28,-17.26000000000022
1995-07-31,-7.039999999999964
1995-08-01,-8.100000000000364
1995-08-02,-10.220000000000255
1995-08-03,11.270000000000437
1995-08-04,-17.960000000000036
1995-08-07,9.859999999999673
1995-08-08,0.0
1995-08-09,-21.829999999999927
1995-08-10,-27.829999999999927
1995-08-11,-25.359999999999673
1995-08-14,41.55999999999949
1995-08-15,-19.019999999999527
1995-08-16,-1.7600000000002183
1995-08-17,-8.449999999999818
1995-08-18,-13.029999999999745
1995-08-21,-2.8200000000006185
1995-08-22,5.640000000000327
1995-08-23,-35.56999999999971
1995-08-24,-4.230000000000473
1995-08-25,20.779999999999745
1995-08-28,-7.399999999999636
1995-08-29,14.4399999999996
1995-08-30,-3.869999999999891
1995-08-31,5.990000000000691
1995-09-01,36.97999999999956
1995-09-04,0.0
1995-09-05,22.539999999999964
1995-09-06,13.730000000000473
1995-09-07,-14.090000000000146
1995-09-08,31.0
1995-09-11,4.219999999999345
1995-09-12,42.27000000000044
1995-09-13,18.3100000000004
1995-09-14,36.279999999999745
1995-09-15,-4.230000000000473
1995-09-18,-17.159999999999854
1995-09-19,-13.36999999999989
1995-09-20,25.649999999999636
1995-09-21,-25.289999999999964
1995-09-22,-3.25
1995-09-25,5.780000000000655
1995-09-26,-4.329999999999927
1995-09-27,-3.25
1995-09-28,25.289999999999964
1995-09-29,1.4399999999995998
1995-10-02,-27.81999999999971
1995-10-03,-11.5600000000004
1995-10-04,-9.029999999999745
1995-10-05,22.039999999999964
1995-10-06,6.5
1995-10-09,-42.98999999999978
1995-10-10,-5.420000000000073
1995-10-11,14.449999999999818
1995-10-12,29.63000000000011
1995-10-13,28.899999999999636
1995-10-16,-9.399999999999636
1995-10-17,11.55999999999949
1995-10-18,-18.419999999999163
1995-10-19,24.92999999999938
1995-10-20,-7.5900000000001455
1995-10-23,-39.38000000000011
1995-10-24,28.18000000000029
1995-10-25,-29.979999999999563
1995-10-26,-49.86000000000058
1995-10-27,37.93000000000029
1995-10-30,14.819999999999709
1995-10-31,-1.0900000000001455
1995-11-01,11.200000000000728
1995-11-02,41.909999999999854
1995-11-03,16.979999999999563
1995-11-06,-11.55999999999949
1995-11-07,-16.980000000000473
1995-11-08,55.64000000000033
1995-11-09,11.55999999999949
1995-11-10,6.140000000000327
1995-11-13,2.5299999999997453
1995-11-14,-1.089999999999236
1995-11-15,50.9399999999996
1995-11-16,46.60999999999967
1995-11-17,20.590000000000146
1995-11-20,-6.859999999999673
1995-11-21,40.460000000000036
1995-11-22,18.05999999999949
1995-11-23,0.0
1995-11-24,7.230000000000473
1995-11-27,22.039999999999964
1995-11-28,7.220000000000255
1995-11-29,27.460000000000036
1995-11-30,-31.07000000000062
1995-12-01,12.640000000000327
1995-12-04,52.39000000000033
1995-12-05,37.92999999999938
1995-12-06,21.68000000000029
1995-12-07,-39.73999999999978
1995-12-08,-2.530000000000655
1995-12-11,27.460000000000036
1995-12-12,-9.399999999999636
1995-12-13,41.55000000000018
1995-12-14,-34.32000000000062
1995-12-15,-5.420000000000073
1995-12-18,-101.51999999999953
1995-12-19,34.68000000000029
1995-12-20,-50.57000000000062
1995-12-21,37.210000000000036
1995-12-22,1.4400000000005093
1995-12-25,0.0
1995-12-26,12.289999999999964
1995-12-27,-4.3400000000001455
1995-12-28,-10.11999999999989
1995-12-29,21.31999999999971
1996-01-01,0.0
1996-01-02,60.32999999999993
1996-01-03,16.61999999999989
1996-01-04,-20.229999999999563
1996-01-05,7.5900000000001455
1996-01-08,16.25
1996-01-09,-67.55000000000018
1996-01-10,-97.19000000000051
1996-01-11,32.160000000000764
1996-01-12,-3.980000000000473
1996-01-15,-17.340000000000146
1996-01-16,44.44000000000051
1996-01-17,-21.32000000000062
1996-01-18,57.45000000000073
1996-01-19,60.32999999999993
1996-01-22,34.67999999999938
1996-01-23,-27.089999999999236
1996-01-24,50.56999999999971
1996-01-25,-26.01000000000022
1996-01-26,54.92000000000007
1996-01-29,33.22999999999956
1996-01-30,76.23000000000047
1996-01-31,14.090000000000146
1996-02-01,9.760000000000218
1996-02-02,-31.07000000000062
1996-02-05,33.600000000000364
1996-02-06,52.01999999999953
1996-02-07,32.52000000000044
1996-02-08,47.31999999999971
1996-02-09,2.1700000000000728
1996-02-12,58.529999999999745
1996-02-13,1.0799999999999272
1996-02-14,-21.67999999999938
1996-02-15,-28.18000000000029
1996-02-16,-48.05000000000018
1996-02-19,0.0
1996-02-20,-44.789999999999964
1996-02-21,57.44000000000051
1996-02-22,92.48999999999978
1996-02-23,22.029999999999745
1996-02-26,-65.38999999999942
1996-02-27,-15.890000000000327
1996-02-28,-43.0
1996-02-29,-20.590000000000146
1996-03-01,50.94000000000051
1996-03-04,63.589999999999236
1996-03-05,42.27000000000044
1996-03-06,-12.649999999999636
1996-03-07,11.919999999999163
1996-03-08,-171.59999999999945
1996-03-11,110.90999999999985
1996-03-12,2.8900000000003274
1996-03-13,-15.539999999999964
1996-03-14,25.289999999999964
1996-03-15,-8.670000000000073
1996-03-18,98.63000000000011
1996-03-19,-14.090000000000146
1996-03-20,-14.090000000000146
1996-03-21,-28.539999999999964
1996-03-22,9.760000000000218
1996-03-25,7.219999999999345
1996-03-26,26.74000000000069
1996-03-27,-43.720000000000255
1996-03-28,3.9799999999995634
1996-03-29,-43.719999999999345
1996-04-01,50.57999999999993
1996-04-02,33.960000000000036
1996-04-03,18.05999999999949
1996-04-04,-6.859999999999673
1996-04-05,0.0
1996-04-08,-88.51000000000022
1996-04-09,-33.960000000000036
1996-04-10,-74.43000000000029
1996-04-11,1.0900000000001455
1996-04-12,45.52000000000044
1996-04-15,60.32999999999993
1996-04-16,27.100000000000364
1996-04-17,-70.09000000000015
1996-04-18,1.8099999999994907
1996-04-19,-16.26000000000022
1996-04-22,29.26000000000022
1996-04-23,23.850000000000364
1996-04-24,-34.69000000000051
1996-04-25,13.010000000000218
1996-04-26,1.0799999999999272
1996-04-29,5.420000000000073
1996-04-30,-4.329999999999927
1996-05-01,6.140000000000327
1996-05-02,-76.94999999999982
1996-05-03,-20.230000000000473
1996-05-06,-13.729999999999563
1996-05-07,-43.36000000000058
1996-05-08,53.11000000000058
1996-05-09,1.089999999999236
1996-05-10,42.99000000000069
1996-05-13,64.46000000000004
1996-05-14,42.10999999999967
1996-05-15,0.7299999999995634
1996-05-16,9.610000000000582
1996-05-17,52.44999999999982
1996-05-20,61.31999999999971
1996-05-21,-12.55999999999949
1996-05-22,41.73999999999978
1996-05-23,-15.88000000000011
1996-05-24,0.7399999999997817
1996-05-27,0.0
1996-05-28,-53.1899999999996
1996-05-29,-35.840000000000146
1996-05-30,19.579999999999927
1996-05-31,-50.22999999999956
1996-06-03,-18.470000000000255
1996-06-04,41.0
1996-06-05,31.769999999999527
1996-06-06,-30.289999999999964
1996-06-07,29.920000000000073
1996-06-10,-9.239999999999782
1996-06-11,-19.210000000000036
1996-06-12,-0.36999999999989086
1996-06-13,-10.340000000000146
1996-06-14,-8.489999999999782
1996-06-17,3.319999999999709
1996-06-18,-24.75
1996-06-19,20.32000000000062
1996-06-20,11.079999999999927
1996-06-21,45.79999999999927
1996-06-24,12.5600000000004
1996-06-25,1.480000000000473
1996-06-26,-36.57000000000062
1996-06-27,-5.170000000000073
1996-06-28,-22.899999999999636
1996-07-01,75.34999999999945
1996-07-02,-9.599999999999454
1996-07-03,-17.359999999999673
1996-07-04,0.0
1996-07-05,-114.88000000000011
1996-07-08,-37.3100000000004
1996-07-09,31.029999999999745
1996-07-10,21.789999999999964
1996-07-11,-83.10999999999967
1996-07-12,-9.979999999999563
1996-07-15,-161.05000000000018
1996-07-16,9.25
1996-07-17,18.11999999999989
1996-07-18,87.30000000000018
1996-07-19,-37.36000000000058
1996-07-22,-35.88000000000011
1996-07-23,-44.38999999999942
1996-07-24,8.139999999999418
1996-07-25,67.32000000000062
1996-07-26,51.05000000000018
1996-07-29,-38.470000000000255
1996-07-30,47.340000000000146
1996-07-31,46.97999999999956
1996-08-01,65.84000000000015
1996-08-02,85.07999999999993
1996-08-05,-5.550000000000182
1996-08-06,21.829999999999927
1996-08-07,22.5600000000004
1996-08-08,-5.180000000000291
1996-08-09,-32.17999999999938
1996-08-12,23.67999999999938
1996-08-13,-57.710000000000036
1996-08-14,19.610000000000582
1996-08-15,-1.110000000000582
1996-08-16,23.670000000000073
1996-08-19,9.989999999999782
1996-08-20,21.82000000000062
1996-08-21,-31.44000000000051
1996-08-22,43.650000000000546
1996-08-23,-10.730000000000473
1996-08-26,-28.849999999999454
1996-08-27,17.38000000000011
1996-08-28,1.1099999999996726
1996-08-29,-64.73000000000047
1996-08-30,-31.4399999999996
1996-09-02,0.0
1996-09-03,32.18000000000029
1996-09-04,8.509999999999309
1996-09-05,-49.9399999999996
1996-09-06,52.899999999999636
1996-09-09,73.98000000000047
1996-09-10,-6.6599999999998545
1996-09-11,27.73999999999978
1996-09-12,17.019999999999527
1996-09-13,66.58000000000084
1996-09-16,50.67999999999938
1996-09-17,-0.36999999999989086
1996-09-18,-11.470000000000255
1996-09-19,-9.61999999999989
1996-09-20,20.720000000000255
1996-09-23,6.279999999999745
1996-09-24,-20.710000000000036
1996-09-25,3.3299999999999272
1996-09-26,-8.509999999999309
1996-09-27,4.069999999999709
1996-09-30,9.25
1996-10-01,22.729999999999563
1996-10-02,29.07000000000062
1996-10-03,-1.1199999999998909
1996-10-04,60.00999999999931
1996-10-07,-13.049999999999272
1996-10-08,-13.039999999999964
1996-10-09,-36.150000000000546
1996-10-10,-8.949999999999818
1996-10-11,47.710000000000036
1996-10-14,40.61999999999989
1996-10-15,-5.220000000000255
1996-10-16,16.030000000000655
1996-10-17,38.38999999999942
1996-10-18,35.029999999999745
1996-10-21,-3.3599999999996726
1996-10-22,-29.06999999999971
1996-10-23,-25.340000000000146
1996-10-24,-43.98000000000047
1996-10-25,14.540000000000873
1996-10-28,-34.29000000000087
1996-10-29,34.29000000000087
1996-10-30,-13.790000000000873
1996-10-31,36.150000000000546
1996-11-01,-7.449999999999818
1996-11-04,19.75
1996-11-05,39.5
1996-11-06,96.52999999999975
1996-11-07,28.329999999999927
1996-11-08,13.789999999999964
1996-11-11,35.77000000000044
1996-11-12,10.4399999999996
1996-11-13,8.199999999999818
1996-11-14,38.76000000000022
1996-11-15,35.029999999999745
1996-11-18,-1.1199999999998909
1996-11-19,50.69000000000051
1996-11-20,32.42000000000007
1996-11-21,-11.550000000000182
1996-11-22,53.289999999999964
1996-11-25,76.02999999999975
1996-11-26,-19.38000000000011
1996-11-27,-29.06999999999971
1996-11-28,0.0
1996-11-29,22.359999999999673
1996-12-02,0.0
1996-12-03,-79.01000000000022
1996-12-04,-19.75
1996-12-05,14.160000000000764
1996-12-06,-55.150000000000546
1996-12-09,81.98999999999978
1996-12-10,9.3100000000004
1996-12-11,-70.72999999999956
1996-12-12,-98.80000000000018
1996-12-13,1.1499999999996362
1996-12-16,-36.51999999999953
1996-12-17,39.97999999999956
1996-12-18,38.44000000000051
1996-12-19,126.86999999999989
1996-12-20,10.759999999999309
1996-12-23,4.6200000000008
1996-12-24,33.82999999999993
1996-12-25,0.0
1996-12-26,23.829999999999927
1996-12-27,14.229999999999563
1996-12-30,-11.539999999999964
1996-12-31,-101.09999999999945
1997-01-01,0.0
1997-01-02,-5.780000000000655
1997-01-03,101.60000000000036
1997-01-06,23.090000000000146
1997-01-07,33.47999999999956
1997-01-08,-51.18000000000029
1997-01-09,76.19000000000051
1997-01-10,78.11999999999989
1997-01-13,5.390000000000327
1997-01-14,53.10999999999967
1997-01-15,-35.409999999999854
1997-01-16,38.48999999999978
1997-01-17,67.73000000000047
1997-01-20,10.769999999999527
1997-01-21,40.029999999999745
1997-01-22,-33.86999999999989
1997-01-23,-94.27999999999975
1997-01-24,-59.27000000000044
1997-01-27,-35.789999999999964
1997-01-28,-4.609999999999673
1997-01-29,84.65999999999985
1997-01-30,83.11999999999989
1997-01-31,-10.769999999999527
1997-02-03,-6.930000000000291
1997-02-04,27.31999999999971
1997-02-05,-86.57999999999993
1997-02-06,26.160000000000764
1997-02-07,82.73999999999978
1997-02-10,-49.25
1997-02-11,51.55999999999949
1997-02-12,103.52000000000044
1997-02-13,60.80999999999949
1997-02-14,-33.47999999999956
1997-02-17,0.0
1997-02-18,78.5
1997-02-19,-47.32999999999993
1997-02-20,-92.75
1997-02-21,4.239999999999782
1997-02-24,76.57999999999993
1997-02-25,30.01000000000022
1997-02-26,-55.029999999999745
1997-02-27,-58.11000000000058
1997-02-28,-47.32999999999993
1997-03-03,41.18000000000029
1997-03-04,-66.19000000000051
1997-03-05,93.1200000000008
1997-03-06,-1.1500000000005457
1997-03-07,56.19000000000051
1997-03-10,78.5
1997-03-11,5.769999999999527
1997-03-12,-45.789999999999964
1997-03-13,-160.47999999999956
1997-03-14,56.56999999999971
1997-03-17,20.019999999999527
1997-03-18,-58.91999999999916
1997-03-19,-18.88000000000011
1997-03-20,-57.400000000000546
1997-03-21,-15.489999999999782
1997-03-24,100.46000000000004
1997-03-25,-29.079999999999927
1997-03-26,4.529999999999745
1997-03-27,-140.10999999999967
1997-03-28,0.0
1997-03-31,-157.11000000000058
1997-04-01,27.57000000000062
1997-04-02,-94.03999999999996
1997-04-03,-39.650000000000546
1997-04-04,48.710000000000036
1997-04-07,29.840000000000146
1997-04-08,53.25
1997-04-09,-45.31999999999971
1997-04-10,214.59000000000015
1997-04-11,-386.7300000000005
1997-04-14,60.19999999999982
1997-04-15,135.26000000000022
1997-04-16,92.71000000000004
1997-04-17,-21.269999999999527
1997-04-18,44.94999999999982
1997-04-21,-43.340000000000146
1997-04-22,173.3800000000001
1997-04-23,-20.86999999999989
1997-04-24,-20.470000000000255
1997-04-25,-53.38000000000011
1997-04-28,44.150000000000546
1997-04-29,179.0099999999993
1997-04-30,46.960000000000036
1997-05-01,-32.51000000000022
1997-05-02,94.72000000000025
1997-05-05,143.28999999999996
1997-05-06,10.829999999999927
1997-05-07,-139.67000000000007
1997-05-08,50.970000000000255
1997-05-09,32.92000000000007
1997-05-12,123.21000000000004
1997-05-13,-18.539999999999964
1997-05-14,11.949999999999818
1997-05-15,47.39000000000033
1997-05-16,-138.8800000000001
1997-05-19,34.210000000000036
1997-05-20,74.57999999999993
1997-05-21,-12.770000000000437
1997-05-22,-32.55999999999949
1997-05-23,87.77999999999975
1997-05-26,0.0
1997-05-27,37.5
1997-05-28,-26.18000000000029
1997-05-29,-27.049999999999272
1997-05-30,0.8599999999996726
1997-06-02,-41.63000000000011
1997-06-03,22.75
1997-06-04,-42.5
1997-06-05,35.63000000000011
1997-06-06,130.48999999999978
1997-06-09,42.720000000000255
1997-06-10,60.77000000000044
1997-06-11,36.55999999999949
1997-06-12,135.64000000000033
1997-06-13,70.56999999999971
1997-06-16,-9.949999999999818
1997-06-17,-11.3100000000004
1997-06-18,-42.06999999999971
1997-06-19,58.350000000000364
1997-06-20,19.449999999999818
1997-06-23,-192.25
1997-06-24,153.80000000000018
1997-06-25,-68.08000000000084
1997-06-26,-35.72999999999956
1997-06-27,33.470000000000255
1997-06-30,-14.930000000000291
1997-07-01,49.539999999999964
1997-07-02,73.05000000000018
1997-07-03,100.43000000000029
1997-07-04,0.0
1997-07-07,-37.32000000000062
1997-07-08,103.82000000000062
1997-07-09,-119.88000000000011
1997-07-10,44.32999999999993
1997-07-11,35.05999999999949
1997-07-14,1.1599999999998545
1997-07-15,52.73000000000047
1997-07-16,63.17000000000007
1997-07-17,-18.109999999999673
1997-07-18,-130.3100000000004
1997-07-21,16.26000000000022
1997-07-22,154.92999999999938
1997-07-23,26.710000000000036
1997-07-24,28.57000000000062
1997-07-25,-3.490000000000691
1997-07-28,7.670000000000073
1997-07-29,53.42000000000007
1997-07-30,80.36999999999989
1997-07-31,-32.289999999999054
1997-08-01,-28.56999999999971
1997-08-04,4.4099999999998545
1997-08-05,-10.910000000000764
1997-08-06,71.76999999999953
1997-08-07,-71.30999999999949
1997-08-08,-156.77999999999975
1997-08-11,30.889999999999418
1997-08-12,-101.26999999999953
1997-08-13,-32.52000000000044
1997-08-14,13.710000000000036
1997-08-15,-247.3699999999999
1997-08-18,108.69999999999982
1997-08-19,114.74000000000069
1997-08-20,103.1299999999992
1997-08-21,-127.27999999999975
1997-08-22,-6.039999999999964
1997-08-25,-28.340000000000146
1997-08-26,-77.34999999999945
1997-08-27,5.109999999999673
1997-08-28,-92.89999999999964
1997-08-29,-72.01000000000022
1997-09-01,0.0
1997-09-02,257.3599999999997
1997-09-03,14.860000000000582
1997-09-04,-27.400000000000546
1997-09-05,-44.82999999999993
1997-09-08,12.770000000000437
1997-09-09,16.729999999999563
1997-09-10,-132.6300000000001
1997-09-11,-58.30000000000018
1997-09-12,81.99000000000069
1997-09-15,-21.829999999999927
1997-09-16,174.77999999999975
1997-09-17,-9.480000000000473
1997-09-18,36.280000000000655
1997-09-19,-5.449999999999818
1997-09-22,79.55999999999949
1997-09-23,-26.769999999999527
1997-09-24,-63.350000000000364
1997-09-25,-58.6899999999996
1997-09-26,74.15999999999985
1997-09-29,69.25
1997-09-30,-46.17000000000007
1997-10-01,70.23999999999978
1997-10-02,12.029999999999745
1997-10-03,11.050000000000182
1997-10-06,61.64000000000033
1997-10-07,78.09000000000015
1997-10-08,-83.25
1997-10-09,-33.64000000000033
1997-10-10,-16.210000000000036
1997-10-13,27.01000000000022
1997-10-14,24.06999999999971
1997-10-15,-38.3100000000004
1997-10-16,-119.09999999999945
1997-10-17,-91.85000000000036
1997-10-20,74.40999999999985
1997-10-21,139.0
1997-10-22,-25.789999999999964
1997-10-23,-186.8799999999992
1997-10-24,-132.36000000000058
1997-10-27,-554.2600000000002
1997-10-28,337.1700000000001
1997-10-29,8.350000000000364
1997-10-30,-125.0
1997-10-31,60.409999999999854
1997-11-03,232.3199999999997
1997-11-04,14.730000000000473
1997-11-05,3.4399999999996
1997-11-06,-9.329999999999927
1997-11-07,-101.92000000000007
1997-11-10,-28.729999999999563
1997-11-11,6.139999999999418
1997-11-12,-157.40999999999985
1997-11-13,86.44000000000051
1997-11-14,84.71999999999935
1997-11-17,125.74000000000069
1997-11-18,-47.400000000000546
1997-11-19,73.92000000000007
1997-11-20,101.86999999999989
1997-11-21,54.460000000000036
1997-11-24,-113.14999999999964
1997-11-25,41.029999999999745
1997-11-26,-14.170000000000073
1997-11-27,0.0
1997-11-28,28.350000000000364
1997-12-01,189.97999999999956
1997-12-02,5.720000000000255
1997-12-03,13.180000000000291
1997-12-04,18.149999999999636
1997-12-05,98.97000000000025
1997-12-08,-38.289999999999964
1997-12-09,-61.17000000000007
1997-12-10,-70.88000000000011
1997-12-11,-129.80000000000018
1997-12-12,-10.6899999999996
1997-12-15,84.30000000000018
1997-12-16,53.710000000000036
1997-12-17,-18.900000000000546
1997-12-18,-110.90999999999985
1997-12-19,-90.21000000000004
1997-12-22,63.029999999999745
1997-12-23,-127.54999999999927
1997-12-24,-31.640000000000327
1997-12-25,0.0
1997-12-26,19.1899999999996
1997-12-29,113.09000000000015
1997-12-30,123.5600000000004
1997-12-31,-7.720000000000255
1998-01-01,0.0
1998-01-02,56.789999999999964
1998-01-05,13.949999999999818
1998-01-06,-72.73999999999978
1998-01-07,-3.9799999999995634
1998-01-08,-99.65000000000055
1998-01-09,-222.19999999999982
1998-01-12,66.76000000000022
1998-01-13,84.94999999999982
1998-01-14,52.55999999999949
1998-01-15,-92.91999999999916
1998-01-16,61.779999999999745
1998-01-19,0.0
1998-01-20,119.56999999999971
1998-01-21,-78.72000000000025
1998-01-22,-63.51999999999953
1998-01-23,-30.140000000000327
1998-01-26,12.210000000000036
1998-01-27,102.13000000000011
1998-01-28,100.39000000000033
1998-01-29,57.55000000000018
1998-01-30,-66.52000000000044
1998-02-02,201.27999999999975
1998-02-03,52.57000000000062
1998-02-04,-30.640000000000327
1998-02-05,-12.460000000000036
1998-02-06,72.23999999999978
1998-02-09,-8.969999999999345
1998-02-10,115.09000000000015
1998-02-11,18.93999999999869
1998-02-12,55.05000000000109
1998-02-13,0.5
1998-02-16,0.0
1998-02-17,28.399999999999636
1998-02-18,52.55999999999949
1998-02-19,-75.47999999999956
1998-02-20,38.36000000000058
1998-02-23,-3.7399999999997817
1998-02-24,-40.100000000000364
1998-02-25,87.68000000000029
1998-02-26,32.88999999999942
1998-02-27,55.04999999999927
1998-03-02,4.730000000001382
1998-03-03,34.3799999999992
1998-03-04,-45.590000000000146
1998-03-05,-94.90999999999985
1998-03-06,125.05999999999949
1998-03-09,-2.25
1998-03-10,75.98000000000138
1998-03-11,32.63999999999942
1998-03-12,-16.200000000000728
1998-03-13,-57.039999999999054
1998-03-16,116.32999999999993
1998-03-17,31.139999999999418
1998-03-18,25.409999999999854
1998-03-19,27.649999999999636
1998-03-20,103.38000000000102
1998-03-23,-90.13000000000102
1998-03-24,88.10000000000036
1998-03-25,-31.600000000000364
1998-03-26,-25.909999999999854
1998-03-27,-50.80999999999949
1998-03-30,-13.959999999999127
1998-03-31,17.68999999999869
1998-04-01,68.51000000000022
1998-04-02,118.31999999999971
1998-04-03,-3.2299999999995634
1998-04-06,49.81999999999971
1998-04-07,-76.72999999999956
1998-04-08,-65.02000000000044
1998-04-09,103.38000000000102
1998-04-10,0.0
1998-04-13,17.43999999999869
1998-04-14,97.90000000000146
1998-04-15,52.06999999999971
1998-04-16,-85.70000000000073
1998-04-17,90.93000000000029
1998-04-20,-25.659999999999854
1998-04-21,43.100000000000364
1998-04-22,-8.220000000001164
1998-04-23,-33.38999999999942
1998-04-24,-78.70999999999913
1998-04-27,-146.98000000000138
1998-04-28,-18.68000000000029
1998-04-29,52.56000000000131
1998-04-30,111.85000000000036
1998-05-01,83.69999999999891
1998-05-04,45.590000000000146
1998-05-05,-45.090000000000146
1998-05-06,-92.92000000000007
1998-05-07,-77.96999999999935
1998-05-08,78.46999999999935
1998-05-11,36.3700000000008
1998-05-12,70.25
1998-05-13,50.06999999999971
1998-05-14,-39.61000000000058
1998-05-15,-76.22999999999956
1998-05-18,-45.090000000000146
1998-05-19,3.7399999999997817
1998-05-20,116.82999999999993
1998-05-21,-39.10999999999876
1998-05-22,-17.93000000000029
1998-05-25,0.0
1998-05-26,-150.71000000000095
1998-05-27,-27.159999999999854
1998-05-28,33.63000000000102
1998-05-29,-70.25
1998-06-01,22.420000000000073
1998-06-02,-31.13000000000102
1998-06-03,-87.44000000000051
1998-06-04,66.76000000000022
1998-06-05,167.14999999999964
1998-06-08,31.890000000001237
1998-06-09,-19.68000000000029
1998-06-10,-78.21999999999935
1998-06-11,-159.9300000000003
1998-06-12,23.170000000000073
1998-06-15,-207.01000000000022
1998-06-16,37.36000000000058
1998-06-17,164.16999999999825
1998-06-18,-16.44999999999891
1998-06-19,-100.13999999999942
1998-06-22,-1.7400000000016007
1998-06-23,117.32999999999993
1998-06-24,95.41000000000167
1998-06-25,11.709999999999127
1998-06-26,8.960000000000946
1998-06-29,52.81999999999971
1998-06-30,-45.340000000000146
1998-07-01,96.64999999999964
1998-07-02,-23.409999999999854
1998-07-03,0.0
1998-07-06,66.51000000000022
1998-07-07,-6.729999999999563
1998-07-08,89.92999999999847
1998-07-09,-85.18999999999869
1998-07-10,15.959999999999127
1998-07-13,-9.530000000000655
1998-07-14,149.33000000000175
1998-07-15,-11.070000000001528
1998-07-16,93.72000000000116
1998-07-17,9.779999999998836
1998-07-20,-42.219999999999345
1998-07-21,-105.55999999999949
1998-07-22,-61.280000000000655
1998-07-23,-195.9300000000003
1998-07-24,4.380000000001019
1998-07-27,90.8799999999992
1998-07-28,-93.45999999999913
1998-07-29,-19.820000000001528
1998-07-30,111.9900000000016
1998-07-31,-143.65999999999985
1998-08-03,-96.55000000000109
1998-08-04,-299.4300000000003
1998-08-05,59.470000000001164
1998-08-06,30.899999999999636
1998-08-07,20.340000000000146
1998-08-10,-23.170000000000073
1998-08-11,-112.0
1998-08-12,90.10999999999876
1998-08-13,-93.45999999999913
1998-08-14,-34.5
1998-08-17,149.85000000000036
1998-08-18,139.79999999999927
1998-08-19,-21.36999999999898
1998-08-20,-81.8700000000008
1998-08-21,-77.76000000000022
1998-08-24,32.960000000000946
1998-08-25,36.039999999999054
1998-08-26,-79.29999999999927
1998-08-27,-357.3600000000006
1998-08-28,-114.30999999999949
1998-08-31,-512.6100000000006
1998-09-01,288.3600000000006
1998-09-02,-45.0600000000004
1998-09-03,-100.14999999999964
1998-09-04,-41.970000000000255
1998-09-07,0.0
1998-09-08,380.52999999999975
1998-09-09,-155.7599999999993
1998-09-10,-249.48000000000047
1998-09-11,179.96000000000004
1998-09-14,149.85000000000036
1998-09-15,79.03999999999996
1998-09-16,65.38999999999942
1998-09-17,-216.0099999999993
1998-09-18,21.889999999999418
1998-09-21,37.590000000000146
1998-09-22,-36.05000000000018
1998-09-23,257.21000000000004
1998-09-24,-152.42000000000007
1998-09-25,26.780000000000655
1998-09-28,80.06999999999971
1998-09-29,-28.31999999999971
1998-09-30,-237.90000000000055
1998-10-01,-210.09000000000015
1998-10-02,152.15999999999985
1998-10-05,-58.44999999999982
1998-10-06,16.73999999999978
1998-10-07,-1.2899999999999636
1998-10-08,-9.779999999999745
1998-10-09,167.61000000000058
1998-10-12,101.94999999999982
1998-10-13,-63.32999999999993
1998-10-14,30.639999999999418
1998-10-15,330.58000000000084
1998-10-16,117.39999999999964
1998-10-19,49.69000000000051
1998-10-20,39.399999999999636
1998-10-21,13.3799999999992
1998-10-22,13.909999999999854
1998-10-23,-80.84999999999854
1998-10-26,-20.080000000001746
1998-10-27,-66.16999999999825
1998-10-28,5.929999999998472
1998-10-29,123.06000000000131
1998-10-30,97.06999999999971
1998-11-02,114.04999999999927
1998-11-03,0.0
1998-11-04,76.98999999999978
1998-11-05,132.32999999999993
1998-11-06,59.98999999999978
1998-11-09,-77.5
1998-11-10,-33.97999999999956
1998-11-11,-40.159999999999854
1998-11-12,5.920000000000073
1998-11-13,89.85000000000036
1998-11-16,91.65999999999985
1998-11-17,-24.969999999999345
1998-11-18,54.82999999999993
1998-11-19,14.93999999999869
1998-11-20,103.5
1998-11-23,214.72000000000116
1998-11-24,-73.1200000000008
1998-11-25,13.130000000001019
1998-11-26,0.0
1998-11-27,18.799999999999272
1998-11-30,-216.53000000000065
1998-12-01,16.9900000000016
1998-12-02,-69.0
1998-12-03,-184.86000000000058
1998-12-04,136.45999999999913
1998-12-07,54.32999999999993
1998-12-08,-42.48999999999978
1998-12-09,-18.789999999999054
1998-12-10,-167.61000000000058
1998-12-11,-19.81999999999971
1998-12-14,-126.15999999999985
1998-12-15,127.69999999999891
1998-12-16,-32.69999999999891
1998-12-17,85.21999999999935
1998-12-18,27.80999999999949
1998-12-21,85.22000000000116
1998-12-22,55.60999999999876
1998-12-23,157.57000000000153
1998-12-24,15.959999999999127
1998-12-25,0.0
1998-12-28,8.760000000000218
1998-12-29,94.22999999999956
1998-12-30,-46.340000000000146
1998-12-31,-93.20999999999913
1999-01-01,0.0
1999-01-04,2.8400000000001455
1999-01-05,126.92000000000007
1999-01-06,233.77999999999884
1999-01-07,-7.209999999999127
1999-01-08,105.55999999999949
1999-01-11,-23.43000000000029
1999-01-12,-145.20999999999913
1999-01-13,-125.1200000000008
1999-01-14,-228.6299999999992
1999-01-15,219.61999999999898
1999-01-18,0.0
1999-01-19,14.670000000000073
1999-01-20,-19.30999999999949
1999-01-21,-71.82999999999993
1999-01-22,-143.40999999999985
1999-01-25,82.64999999999964
1999-01-26,121.26000000000022
1999-01-27,-124.35000000000036
1999-01-28,81.10000000000036
1999-01-29,77.5
1999-02-01,-13.1299999999992
1999-02-02,-71.57999999999993
1999-02-03,92.68999999999869
1999-02-04,-62.30999999999949
1999-02-05,-0.2600000000002183
1999-02-08,-13.1299999999992
1999-02-09,-158.07999999999993
1999-02-10,44.279999999998836
1999-02-11,186.14999999999964
1999-02-12,-88.56999999999971
1999-02-15,0.0
1999-02-16,22.140000000001237
1999-02-17,-101.56000000000131
1999-02-18,103.15999999999985
1999-02-19,41.32000000000153
1999-02-22,212.72999999999956
1999-02-23,-8.260000000000218
1999-02-24,-144.75
1999-02-25,-33.32999999999993
1999-02-26,-59.76000000000022
1999-03-01,18.200000000000728
1999-03-02,-27.170000000000073
1999-03-03,-21.730000000001382
1999-03-04,191.52000000000044
1999-03-05,268.6800000000003
1999-03-08,-8.469999999999345
1999-03-09,-33.850000000000364
1999-03-10,79.07999999999993
1999-03-11,124.60000000000036
1999-03-12,-21.090000000000146
1999-03-15,82.42000000000007
1999-03-16,-28.30000000000109
1999-03-17,-51.05999999999949
1999-03-18,118.21000000000095
1999-03-19,-94.07000000000153
1999-03-22,-13.039999999999054
1999-03-23,-218.6800000000003
1999-03-24,-4.989999999999782
1999-03-25,169.54999999999927
1999-03-26,-14.149999999999636
1999-03-29,184.54000000000087
1999-03-30,-93.52000000000044
1999-03-31,-127.10000000000036
1999-04-01,46.350000000000364
1999-04-02,0.0
1999-04-05,174.8199999999997
1999-04-06,-43.840000000000146
1999-04-07,121.81999999999971
1999-04-08,112.39000000000124
1999-04-09,-23.860000000000582
1999-04-12,165.67000000000007
1999-04-13,55.5
1999-04-14,16.649999999999636
1999-04-15,51.05999999999949
1999-04-16,31.170000000000073
1999-04-19,-53.35999999999876
1999-04-20,8.019999999998618
1999-04-21,132.8700000000008
1999-04-22,145.76000000000022
1999-04-23,-37.51000000000022
1999-04-26,28.920000000000073
1999-04-27,113.11999999999898
1999-04-28,13.7400000000016
1999-04-29,32.92999999999847
1999-04-30,-89.33999999999833
1999-05-03,225.64999999999964
1999-05-04,-128.57999999999993
1999-05-05,69.29999999999927
1999-05-06,-8.590000000000146
1999-05-07,84.77000000000044
1999-05-10,-24.340000000000146
1999-05-11,18.899999999999636
1999-05-12,-25.779999999998836
1999-05-13,106.81999999999971
1999-05-14,-193.8700000000008
1999-05-17,-59.850000000000364
1999-05-18,-16.519999999998618
1999-05-19,50.43999999999869
1999-05-20,-20.649999999999636
1999-05-21,-37.45999999999913
1999-05-24,-174.61000000000058
1999-05-25,-123.57999999999993
1999-05-26,171.0699999999997
1999-05-27,-235.22999999999956
1999-05-28,92.80999999999949
1999-05-31,0.0
1999-06-01,36.52000000000044
1999-06-02,-18.3700000000008
1999-06-03,85.80000000000109
1999-06-04,136.14999999999964
1999-06-07,109.53999999999905
1999-06-08,-143.73999999999978
1999-06-09,-75.34999999999854
1999-06-10,-69.02000000000044
1999-06-11,-130.76000000000022
1999-06-14,72.81999999999971
1999-06-15,31.659999999999854
1999-06-16,189.96000000000095
1999-06-17,56.67999999999847
1999-06-18,13.930000000000291
1999-06-21,-39.57999999999993
1999-06-22,-94.35000000000036
1999-06-23,-54.76999999999862
1999-06-24,-132.03000000000065
1999-06-25,17.729999999999563
1999-06-28,102.59000000000015
1999-06-29,160.20000000000073
1999-06-30,155.4499999999989
1999-07-01,95.6200000000008
1999-07-02,72.81999999999971
1999-07-05,0.0
1999-07-06,-4.119999999998981
1999-07-07,52.23999999999978
1999-07-08,-60.470000000001164
1999-07-09,66.81000000000131
1999-07-12,7.279999999998836
1999-07-13,-25.959999999999127
1999-07-14,-26.920000000000073
1999-07-15,38.30999999999949
1999-07-16,23.43000000000029
1999-07-19,-22.159999999999854
1999-07-20,-191.5500000000011
1999-07-21,6.650000000001455
1999-07-22,-33.56000000000131
1999-07-23,-58.26000000000022
1999-07-26,-47.79999999999927
1999-07-27,115.88000000000102
1999-07-28,-6.970000000001164
1999-07-29,-180.77999999999884
1999-07-30,-136.14000000000124
1999-08-02,-9.19000000000051
1999-08-03,31.350000000000364
1999-08-04,-2.539999999999054
1999-08-05,119.04999999999927
1999-08-06,-79.78999999999905
1999-08-09,-6.329999999999927
1999-08-10,-52.55000000000109
1999-08-11,132.64999999999964
1999-08-12,1.5900000000001455
1999-08-13,184.26000000000022
1999-08-16,73.14000000000124
1999-08-17,70.28999999999905
1999-08-18,-125.70000000000073
1999-08-19,-27.539999999999054
1999-08-20,136.77000000000044
1999-08-23,199.14999999999964
1999-08-24,-16.460000000000946
1999-08-25,42.7400000000016
1999-08-26,-127.59000000000015
1999-08-27,-108.28000000000065
1999-08-30,-176.04000000000087
1999-08-31,-84.84999999999854
1999-09-01,108.59999999999854
1999-09-02,-94.67000000000007
1999-09-03,235.2400000000016
1999-09-06,0.0
1999-09-07,-44.32000000000153
1999-09-08,2.210000000000946
1999-09-09,43.05999999999949
1999-09-10,-50.969999999999345
1999-09-13,1.8999999999996362
1999-09-14,-120.0
1999-09-15,-108.90999999999985
1999-09-16,-63.960000000000946
1999-09-17,66.17000000000007
1999-09-20,20.270000000000437
1999-09-21,-225.4300000000003
1999-09-22,-74.39999999999964
1999-09-23,-205.47999999999956
1999-09-24,0.0
1999-09-27,-15.200000000000728
1999-09-28,-27.859999999998763
1999-09-29,-62.05000000000109
1999-09-30,123.47000000000116
1999-10-01,-63.95000000000073
1999-10-04,128.22999999999956
1999-10-05,-0.6399999999994179
1999-10-06,187.75
1999-10-07,-51.29000000000087
1999-10-08,112.71000000000095
1999-10-11,-1.5799999999999272
1999-10-12,-231.1200000000008
1999-10-13,-184.89999999999964
1999-10-14,54.45000000000073
1999-10-15,-266.90000000000146
1999-10-18,96.57000000000153
1999-10-19,88.64999999999964
1999-10-20,187.4300000000003
1999-10-21,-94.67000000000007
1999-10-22,172.5599999999995
1999-10-25,-120.31999999999971
1999-10-26,-47.80000000000109
1999-10-27,92.76000000000022
1999-10-28,227.64000000000124
1999-10-29,107.32999999999993
1999-11-01,-81.35000000000036
1999-11-02,-66.67000000000007
1999-11-03,27.219999999999345
1999-11-04,30.579999999999927
1999-11-05,64.84000000000015
1999-11-08,14.3700000000008
1999-11-09,-101.53000000000065
1999-11-10,-19.579999999999927
1999-11-11,-2.4400000000005093
1999-11-12,174.02000000000044
1999-11-15,-8.569999999999709
1999-11-16,171.57999999999993
1999-11-17,-49.23999999999978
1999-11-18,152.61000000000058
1999-11-19,-31.81000000000131
1999-11-22,85.63000000000102
1999-11-23,-93.89000000000124
1999-11-24,12.540000000000873
1999-11-25,0.0
1999-11-26,-19.26000000000022
1999-11-29,-40.98999999999978
1999-11-30,-70.11000000000058
1999-12-01,120.57999999999993
1999-12-02,40.67000000000007
1999-12-03,247.1200000000008
1999-12-06,-61.17000000000007
1999-12-07,-118.36000000000058
1999-12-08,-38.529999999998836
1999-12-09,66.67000000000007
1999-12-10,89.90999999999985
1999-12-13,-32.11000000000058
1999-12-14,-32.42000000000007
1999-12-15,65.14999999999964
1999-12-16,19.56999999999971
1999-12-17,12.540000000000873
1999-12-20,-113.15999999999985
1999-12-21,56.27000000000044
1999-12-22,3.0599999999994907
1999-12-23,202.15999999999985
1999-12-24,0.0
1999-12-27,-14.680000000000291
1999-12-28,85.6299999999992
1999-12-29,7.950000000000728
1999-12-30,-31.799999999999272
1999-12-31,44.26000000000022
2000-01-03,-139.61000000000058
2000-01-04,-359.5799999999999
2000-01-05,124.71999999999935
2000-01-06,130.61000000000058
2000-01-07,269.2999999999993
2000-01-10,49.64000000000124
2000-01-11,-61.1200000000008
2000-01-12,40.02000000000044
2000-01-13,31.329999999999927
2000-01-14,140.54999999999927
2000-01-17,0.0
2000-01-18,-162.26000000000022
2000-01-19,-71.35999999999876
2000-01-20,-138.0600000000013
2000-01-21,-99.59000000000015
2000-01-24,-243.53999999999905
2000-01-25,21.719999999999345
2000-01-26,3.100000000000364
2000-01-27,-4.969999999999345
2000-01-28,-289.14999999999964
2000-01-31,201.65999999999985
2000-02-01,100.51999999999862
2000-02-02,-37.849999999998545
2000-02-03,10.239999999999782
2000-02-04,-49.64000000000124
2000-02-07,-58.0099999999984
2000-02-08,51.80999999999949
2000-02-09,-258.4400000000005
2000-02-10,-55.530000000000655
2000-02-11,-218.42000000000007
2000-02-14,94.63000000000102
2000-02-15,198.25
2000-02-16,-156.6800000000003
2000-02-17,-46.840000000000146
2000-02-18,-295.0499999999993
2000-02-21,0.0
2000-02-22,85.31999999999971
2000-02-23,-79.11000000000058
2000-02-24,-133.10000000000036
2000-02-25,-230.5099999999984
2000-02-28,176.52999999999884
2000-02-29,89.65999999999985
2000-03-01,9.6200000000008
2000-03-02,26.98999999999978
2000-03-03,202.28000000000065
2000-03-06,-196.70000000000073
2000-03-07,-374.46999999999935
2000-03-08,60.5
2000-03-09,154.1999999999989
2000-03-10,-81.90999999999985
2000-03-13,18.30999999999949
2000-03-14,-135.88999999999942
2000-03-15,320.1700000000001
2000-03-16,499.1900000000005
2000-03-17,-35.3700000000008
2000-03-20,85.01000000000022
2000-03-21,227.10000000000036
2000-03-22,-40.63999999999942
2000-03-23,253.15999999999985
2000-03-24,-7.140000000001237
2000-03-27,-86.86999999999898
2000-03-28,-89.73999999999978
2000-03-29,82.60999999999876
2000-03-30,-38.469999999999345
2000-03-31,-58.32999999999993
