股票简称,股票代码,占流通A股比例,救市买入（万股）,最新市值（亿元）,成本（亿元）,浮盈（亿元）
中国平安,601318,9.52,103038.41,345.08,633.97,-288.9
中国银行,601988,94.33,1034521.09,401.39,524.93,-123.53
工商银行,601398,48.46,694671.12,317.46,369.74,-52.28
中信证券,600030,5.71,56100.68,89.03,135.95,-46.92
中国石油,601857,0.75,121647.36,106.44,152.89,-46.45
中国中车,601766,4.89,112043.96,155.29,194.8,-39.51
中国石化,600028,2.17,207124.25,104.18,142.47,-38.29
建设银行,601939,33.41,300879.99,164.88,202.46,-37.58
交通银行,601328,5.66,222045.7,141,177.33,-36.33
中国人寿,601628,3.18,66237.96,175.46,210.36,-34.9
农业银行,601288,46.08,548239.7,172.15,206.91,-34.77
中国神华,601088,4.09,67356.98,101.64,131.35,-29.71
中信银行,601998,3.74,119159.82,76.26,105.83,-29.56
中恒集团,600252,4.72,15478.6,9.69,38.66,-28.97
潍柴动力,000338,8.3,17380.69,15.63,42.72,-27.09
光大银行,601818,30.84,202540.07,83.24,106.25,-23.01
西南证券,600369,4.97,23118.85,19.65,42.51,-22.86
格力电器,000651,4.42,26435.65,45.87,66.88,-21.02
上汽集团,600104,3.9,43042.12,76.49,96.85,-20.36
青岛海尔,600690,4.58,25262.6,25.06,45.27,-20.2
中国建筑,601668,4.42,132273.4,82.41,102.3,-20.16
安信信托,600816,6.15,6983.4,12.49,32.48,-19.99
申万宏源,000166,13.68,44522.63,43.28,62.89,-19.62
中国重工,601989,4.57,82028.95,90.72,107.35,-16.62
海通证券,600837,4.25,34390.31,51.04,67.55,-16.52
京东方A,000725,5.56,129938.42,38.72,53.39,-14.67
长城汽车,601633,2.9,5828.26,6.81,21.21,-14.4
北京银行,601169,4.72,59799.08,52.44,66.84,-14.4
中国太保,601601,6.07,38169.61,94.13,108.05,-13.93
广发证券,000776,5.51,32602.24,51.06,64.8,-13.75
民生银行,600016,3.69,109091.36,93.82,107.53,-13.71
大秦铁路,601006,4.36,64867.28,59.22,72.92,-13.69
平安银行,000001,5.15,60801.03,69.07,82.63,-13.56
中国中铁,601390,5.24,89522.38,110.2,123.16,-12.96
阳光城,000671,3.95,10339.55,7.02,19.44,-12.42
南方航空,600029,5.1,35805.74,30.29,42.68,-12.39
华夏银行,600015,5.89,45859.78,48.43,60.74,-12.31
华泰证券,601688,5.73,31239.26,55.23,67.32,-12.09
包钢股份,600010,8.54,134530.04,53,65.09,-12.08
招商证券,600999,5.23,25091.83,47.93,59.57,-11.65
美的集团,000333,8.04,17986.26,50.38,61.89,-11.51
贵州茅台,600519,3.85,4835.04,103.4,114.68,-11.28
方正证券,601901,6.12,38487.29,28.37,39.55,-11.18
兴业银行,601166,5.34,86473.73,132.05,143.07,-11.03
宝钢股份,600019,3.74,61466.34,34.85,45.87,-11.02
中国铁建,601186,5.34,54755.09,83.72,94.43,-10.71
上海电气,601727,4.62,45522.82,51.12,61.57,-10.45
东方航空,600115,5.79,45066.76,36.91,47.21,-10.3
中煤能源,601898,4.78,43759.64,27.57,37.82,-10.25
国电电力,600795,4.5,80151.97,32.94,42.89,-9.94
徐工机械,000425,1.75,12335.96,5.5,15.35,-9.85
鼎立股份,600614,5.12,4581.35,4.35,14.12,-9.77
中国国航,601111,3.43,28531.68,25.51,34.85,-9.34
新华保险,601336,52.7,12152.54,51.65,60.86,-9.21
东方证券,600958,19.39,19389.83,40.23,49.43,-9.19
中国铝业,601600,6.08,58292.04,29.96,39.04,-9.08
京运通,601908,11.97,6840.03,5.44,14.05,-8.61
中国电建,601669,15.86,52348.36,44.76,53.19,-8.43
华能国际,600011,4.07,42692.69,39.06,47.39,-8.33
中国交建,601800,4.72,55510.83,80.05,88.34,-8.3
信威集团,600485,3.27,5338.09,11.91,19.67,-7.76
用友网络,600588,4.34,6062.09,18.17,25.77,-7.06
保利地产,600048,4.66,50123.86,43.71,51.12,-7.41
TCL集团,000100,6.36,57197.33,22.82,30.2,-7.37
中信重工,601608,2.48,10196.79,7.81,15.01,-7.2
武钢股份,600005,4.26,43036.69,16.22,23.37,-7.14
上海莱士,002252,0.91,1751.92,7.15,14.1,-6.94
中航飞机,000768,4.41,10930.34,31.89,38.82,-6.93
双良节能,600481,3.85,6246.32,5.73,12.64,-6.91
中海油服,601808,5.83,17255.55,29.2,35.94,-6.75
海南航空,600221,4.29,50711.13,20.28,27.02,-6.73
大唐发电,601991,4.65,46425.8,25.26,31.66,-6.4
中集集团,000039,9.41,11840.85,22.25,28.45,-6.2
海螺水泥,600585,5.72,22870.15,40.62,46.77,-6.16
东方金钰,600086,4.83,1703.33,2.16,8.32,-6.15
海油工程,600583,5.49,22191.63,22.04,27.99,-5.95
光大证券,601788,4.52,15438.25,29.46,35.4,-5.95
长安汽车,000625,5.76,19481.59,29.98,35.84,-5.86
紫金矿业,601899,5.29,83672.42,30.54,36.28,-5.74
吉视传媒,601929,4.15,6459.54,3.92,9.58,-5.65
亨通光电,600487,1.93,2223.63,2.62,8.25,-5.62
陕西煤业,601225,11.69,31697.93,15.15,20.76,-5.61
中兴通讯,000063,5.23,17586.05,31.39,36.74,-5.35
浙能电力,600023,20.28,51800.11,40.09,45.42,-5.32
兆日科技,300333,2.96,978.36,2.53,7.59,-5.06
上港集团,600018,3.73,84886.63,60.61,65.63,-5.02
国金证券,600109,4.84,13715.88,20.45,25.45,-5
浙江龙盛,600352,4.8,14694.49,15.3,20.26,-4.96
华侨城A,000069,9.44,29353.04,23.98,28.91,-4.93
中联重科,000157,5.53,34625.84,18.11,22.97,-4.86
三安光电,600703,4.27,10107.44,23.59,28.33,-4.74
金宇集团,600201,4.24,1197.68,3.78,8.45,-4.67
华电国际,600027,6.02,35747.1,25.13,29.8,-4.66
太平洋,601099,5.17,17085.97,13.21,17.78,-4.57
广汇能源,600256,4.37,22814.58,15.61,20.11,-4.5
长江证券,000783,4.75,22534.3,23.62,27.86,-4.24
国海证券,000750,5.49,12686.95,13.78,18.01,-4.23
中国联通,600050,4.35,92226.89,60.96,65.14,-4.17
首开股份,600376,3.68,8241.79,9.77,13.91,-4.15
小商品城,600415,4.21,22912.43,23.78,27.92,-4.14
鞍钢股份,000898,4.7,28889.88,13.69,17.82,-4.12
中国国旅,601888,3.74,3649.32,18.84,22.96,-4.12
伊利股份,600887,3.09,18579.7,29.6,33.66,-4.06
兴业证券,601377,2.99,15548.26,14.09,18.14,-4.06
春秋航空,601021,7.79,799.07,4.81,8.82,-4.01
特变电工,600089,5.03,15966.35,18.92,22.86,-3.94
航天信息,600271,4.56,2306.98,23.52,27.46,-3.94
中国西电,601179,4.76,20709.73,13.94,17.85,-3.92
招商银行,600036,3.52,72587.87,130.15,133.87,-3.72
康美药业,600518,4.77,20986.59,34.94,38.64,-3.7
三一重工,600031,4.09,31084.37,20.86,24.53,-3.68
西部证券,002673,2.11,4855.4,10.38,14.04,-3.66
美邦服饰,002269,4.85,12194.4,8.1,11.64,-3.54
恒生电子,600570,4.75,2934.97,18.99,22.48,-3.49
江西铜业,600362,6.52,13538.2,19.03,22.5,-3.46
振芯科技,300101,3.02,1327.88,3.85,7.29,-3.44
永泰能源,600157,7.97,36667.4,18.08,21.51,-3.44
上海石化,600688,13.35,39057.75,28.71,32.11,-3.41
葛洲坝,600068,5.03,20847.08,16.2,19.59,-3.39
天士力,600535,4.09,4223.8,15.51,18.83,-3.32
国元证券,000728,4.8,9434.97,20.87,24.15,-3.28
广深铁路,601333,5.27,29778.6,14.14,17.27,-3.12
东方明珠,600832,7.38,11668.31,40.5,43.62,-3.12
国信证券,002736,4.12,4947.71,8.15,11.26,-3.11
人福医药,600079,6.63,6835.08,13.51,16.57,-3.06
万科A,000002,3.4,33036.12,45.16,48.22,-3.06
太钢不锈,000825,4.42,25155.56,10.59,13.56,-2.97
中国化学,601117,4.16,20543.11,14.32,17.28,-2.97
云南白药,000538,4.15,4327,29.14,32.1,-2.96
泛海控股,000046,4.14,18791.81,20.93,23.89,-2.95
振华重工,600320,4.74,13127.07,8.34,11.28,-2.95
四川长虹,600839,3.8,17526.21,11.67,14.61,-2.94
粤电力A,000539,5.71,14574.9,10.77,13.69,-2.92
青岛啤酒,600600,7.31,5091.35,17.25,20.17,-2.91
北方导航,600435,3.47,287.13,8.34,11.17,-2.83
海信电器,600060,4.72,6179,9.71,12.53,-2.82
中金岭南,000060,4.64,9561.01,10.96,13.76,-2.8
兖州煤业,600188,4.09,12125.1,11.16,13.93,-2.77
上海电力,600021,3.23,6925.79,10.84,13.61,-2.77
康恩贝,600572,5.09,6064.46,7.79,10.55,-2.77
攀钢钒钛,000629,5.41,25777.06,7.81,10.57,-2.76
华域汽车,600741,4.19,10824.89,16.75,19.5,-2.75
东北证券,000686,5.3,9267.69,12.97,15.68,-2.71
迅游科技,300467,4.25,170.16,0.93,3.57,-2.64
中国一重,601106,3.61,23631.28,22.78,25.38,-2.6
中船防务,600685,9.64,4226.41,17,19.55,-2.55
华夏幸福,600340,4.95,10457.66,26.14,28.69,-2.55
人民网,603000,3.63,4013.85,8.79,11.3,-2.51
中国船舶,600150,4.57,6292.09,24.25,26.72,-2.47
雅戈尔,600177,3.73,8307.16,11.92,14.36,-2.44
东吴证券,601555,3.12,8073.27,12.05,14.49,-2.44
益佰制药,600594,2.81,2201.18,4.46,6.85,-2.39
马钢股份,600808,3.86,23025.15,7.84,10.2,-2.37
内蒙华电,600863,3.72,21615.73,10.4,12.75,-2.36
洛阳钼业,603993,7.53,18972.54,25.67,27.99,-2.32
湖北能源,000883,3.87,20715.92,12.91,15.22,-2.31
万华化学,600309,3.98,8598.94,15.92,18.21,-2.29
中粮地产,000031,5.21,9452.41,13.7,15.98,-2.28
中航资本,600705,3.74,13964.73,23.42,25.66,-2.25
建投能源,000600,6.01,6559.26,6.53,8.78,-2.24
中航电子,600372,3.54,6222.39,16.35,18.55,-2.2
双汇发展,000895,7.17,13028.41,24.58,26.76,-2.18
博瑞传播,600880,6.36,4663.89,3.5,5.67,-2.17
金隅股份,601992,5.67,17634.5,15.1,17.23,-2.14
美都能源,600175,5.55,8029.76,4.53,6.66,-2.13
北方稀土,600111,7.58,16832.31,24.61,26.73,-2.13
四方股份,601126,2.99,1215.86,1.88,3.97,-2.09
宁波银行,002142,1.56,5370.72,6.98,9.07,-2.09
和邦生物,603077,0.42,1161.82,0.7,2.78,-2.08
洲际油气,600759,4.28,6768.07,5.31,7.36,-2.05
南山铝业,600219,4.08,11561.95,7.61,9.62,-2.02
威孚高科,000581,5.18,4331.76,9.88,11.84,-1.97
中铁二局,600528,4.53,6608.96,7.9,9.85,-1.95
君正集团,601216,3.54,13037.87,15.55,17.47,-1.92
金螳螂,002081,1.19,1989.57,3.04,4.95,-1.91
长信科技,300088,1.42,1383.48,1.39,3.3,-1.9
东方电气,600875,4.63,9252.13,13.49,15.38,-1.89
腾邦国际,300178,2.37,1230.39,2.07,3.96,-1.89
中粮屯河,600737,5.87,7763.67,12.93,14.8,-1.88
长电科技,600584,4.79,4085.93,6.06,7.93,-1.88
海虹控股,000503,2.58,2319.53,8.13,10,-1.87
大唐电信,600198,4.52,2411.5,4.89,6.74,-1.85
东阳光科,600673,3.3,8110.87,5.43,7.25,-1.82
银泰资源,000975,7.06,3951.81,4.57,6.39,-1.81
飞乐音响,600651,5.36,3967.36,5.1,6.91,-1.81
上海建工,600170,4.6,21548.5,17.61,19.41,-1.81
亚邦股份,603188,5.17,1960.84,4.07,5.87,-1.8
江特电机,002176,1.44,1661.22,1.92,3.71,-1.79
中国卫星,600118,3.62,4280.79,21.18,22.95,-1.78
同仁堂,600085,3.89,5331.93,13.64,15.42,-1.77
中直股份,600038,5.39,2117.55,10.55,12.32,-1.77
西山煤电,000983,4.36,13739.55,7.93,9.69,-1.77
航天机电,600151,2.99,3738.07,3.43,5.19,-1.76
机器人,300024,2.46,1558.79,12.04,13.78,-1.74
金地集团,600383,2.89,13002.46,14.82,16.55,-1.73
京能电力,600578,8.01,18064.03,10.46,12.19,-1.73
金钼股份,601958,3.78,12211.7,9.71,11.43,-1.72
亚泰集团,600881,4.1,7773.91,5.7,7.42,-1.72
金科股份,000656,4.42,13175.39,6.8,8.52,-1.72
申能股份,600642,4.11,18724.53,14.55,16.26,-1.71
金融街,000402,4.76,14228.17,13.45,15.14,-1.7
三友化工,600409,4.3,7954.4,5.89,7.58,-1.69
光明乳业,600597,4.25,5198.74,8.8,10.48,-1.69
梅花生物,600873,2.88,8954.89,6.42,8.09,-1.67
潞安环能,601699,4.05,12119.14,7.5,9.15,-1.65
天津港,600717,4.24,7096.5,7.81,9.41,-1.6
长盈精密,300115,5.02,2576.43,8.5,10.1,-1.59
富奥股份,000030,8.26,4631.75,4.19,5.74,-1.55
冀东水泥,000401,3.99,5372.07,4.93,6.48,-1.55
隆平高科,000998,4.53,3765.68,7.6,9.14,-1.54
欧菲光,002456,1.79,1469.93,3.28,4.81,-1.53
重庆钢铁,601005,6.98,13263.77,4.3,5.82,-1.52
锡业股份,000960,3.28,3781.95,4.3,5.81,-1.52
盐田港,000088,3.21,6229.68,5.1,6.61,-1.5
川投能源,600674,4.07,17898.5,19.06,20.56,-1.5
平潭发展,000592,3.02,2533.82,5.19,6.67,-1.48
金鸿能源,000669,7.31,1633.13,3.44,4.9,-1.47
金发科技,600143,3.31,8484.86,6.83,8.29,-1.46
华盛天成,600410,3.01,1918.84,4.42,5.87,-1.45
南京银行,601009,4.86,14415.22,24.39,25.82,-1.43
同方股份,600100,5.1,10556.02,17.99,19.41,-1.42
东方通信,600776,5.32,5079.76,5.03,6.42,-1.39
际华集团,601718,3.55,13699.17,19.34,20.73,-1.39
营口港,600317,7.39,24323.35,12.36,13.74,-1.38
歌华有线,600037,4.48,5236.27,12.55,13.93,-1.38
华数传媒,000156,32.78,3878.42,11.29,12.65,-1.36
唐山港,601000,3.5,7121.5,5.88,7.22,-1.34
中山公用,000685,5.32,5309.38,7.45,8.78,-1.33
贵人鸟,603555,15.99,1821.69,5.63,6.96,-1.33
湘电股份,600416,3.65,2222.88,3.78,5.1,-1.32
盛和资源,600392,2.76,1082.96,1.17,2.48,-1.31
华电重工,601226,18.95,4265.26,5.19,6.5,-1.31
桐昆股份,601233,3.72,3577.83,4.24,5.54,-1.3
复星医药,600196,4.89,9318.01,23.21,24.5,-1.29
软控股份,002073,5.85,3646.22,5.63,6.92,-1.29
神火股份,000933,2.99,5682.66,2.51,3.78,-1.28
中天科技,600522,3.36,2899.05,5.8,7.07,-1.27
海南矿业,601969,26.35,4917.93,7.05,8.31,-1.26
白云山,600332,5.2,5386.63,15.61,16.86,-1.26
盐湖股份,000792,3.98,6231.3,12.21,13.47,-1.26
智慧能源,600869,1.01,1000.85,0.93,2.18,-1.26
国机汽车,600335,2.57,1477.36,2.54,3.79,-1.25
新湖中宝,600208,4.74,30146.01,16.59,17.84,-1.25
华新水泥,600801,5.75,5586.77,4.45,5.86,-1.23
乐视网,300104,2.56,2799.33,13.39,14.62,-1.23
九州通,600998,3.44,4924.82,9.71,10.93,-1.22
贵州百灵,002424,1.3,293.39,0.75,1.95,-1.2
中体产业,600158,6.06,3984.92,8.57,9.76,-1.19
海南橡胶,601118,3.48,13693.33,10.11,11.29,-1.19
金城医药,300233,1.45,327.84,1.05,2.22,-1.17
顺发恒业,000631,3.79,5548.51,3.88,5.05,-1.17
金风科技,002202,2.14,4605.97,7.23,8.39,-1.17
国药股份,600511,6.31,1753.32,5.9,7.06,-1.16
南玻A,000012,3.06,3981.13,3.91,5.06,-1.15
恒康医疗,002219,0.73,439.94,0.66,1.8,-1.14
新华医疗,600587,5.19,1886.22,6.17,7.31,-1.14
露笑科技,002617,1.94,596.68,1.07,2.21,-1.14
浙江东方,600120,3.42,1726.38,3.43,4.57,-1.14
综艺股份,600770,3.52,3887.15,4.78,5.92,-1.14
大商股份,600694,4.69,1376.93,4.91,6.05,-1.14
华北制药,600812,5.45,5608.98,4.04,5.18,-1.14
许继电气,000400,7.02,5176.42,9.96,11.1,-1.13
吉林敖东,000623,5.09,4017.61,11.04,12.17,-1.13
上海家化,600315,3,2010.56,6.93,8.06,-1.13
滨江集团,002244,2.18,5005.56,3.69,4.82,-1.13
冀中能源,000937,3.69,10586.91,5.42,6.55,-1.13
厦门钨业,600549,5.19,4601.74,8.29,9.41,-1.12
莱茵生物,002166,6.38,649.72,0.64,1.75,-1.12
大有能源,600403,2.44,5833.44,3.22,4.29,-1.07
中航动力,600893,6.16,8412.7,41.02,42.09,-1.07
三元股份,600429,5.06,4477.74,3.26,4.32,-1.06
亚厦股份,002375,1.33,1501.62,2.18,3.21,-1.03
宝新能源,000690,3.93,6727.65,6.41,7.43,-1.02
中南建设,000961,1.91,2218.53,2.94,3.95,-1.01
大连控股,600747,4.88,5200.65,2.6,3.6,-1
山煤国际,600546,2.99,5927.6,2.66,3.66,-0.99
上海医药,601607,5.47,10529.12,20.39,21.39,-0.99
方大特钢,600507,3.9,5169.14,3.24,4.22,-0.98
焦作万方,000612,4.9,4697.11,3.02,4,-0.98
张裕A,000869,4.58,2075.87,7.6,8.57,-0.98
众生药业,002317,1.36,646.44,0.83,1.8,-0.97
铁龙物流,600125,4.2,5479.59,5.56,6.53,-0.97
海信科龙,000921,4.99,4496.79,3.81,4.78,-0.97
山西证券,002500,1.63,4061.94,5.27,6.24,-0.97
厦门国贸,600755,4.41,7337.84,5.97,6.94,-0.96
中环股份,002129,0.97,1900.93,2.48,3.44,-0.96
闰土股份,002440,4.5,2585.07,4.65,5.61,-0.96
中信海直,000099,4.24,2569.81,3.85,4.81,-0.96
丽珠集团,000513,5.13,1183.26,6.31,7.27,-0.95
卫宁软件,300253,6.64,2522.35,11.31,12.26,-0.95
山西汾酒,600809,3.92,3397.3,5.92,6.87,-0.95
庞大集团,601258,5.02,26292.94,11.6,12.53,-0.95
歌尔声学,002241,1.29,1578.69,4.04,4.99,-0.95
桂东电力,600310,0.43,353.79,0.33,1.26,-0.94
中储股份,600787,4.56,7669.65,8.97,9.9,-0.93
古井贡酒,000596,4.43,1698.16,5.32,6.25,-0.92
荣盛石化,002493,0.71,1443.22,1.6,2.52,-0.91
鲁西化工,000830,4.15,6082.05,4.06,4.96,-0.91
大北农,002385,2.13,3273.32,3.99,4.89,-0.9
中科三环,000970,2.99,3185.12,4.51,5.41,-0.9
航天发展,000547,2.54,2120.97,4.48,5.37,-0.89
中金黄金,600489,4.11,12089.05,11.65,12.55,-0.89
中航机电,002013,4.23,1612.25,3.61,4.5,-0.88
悦达投资,600805,5.33,4526.5,5.49,6.35,-0.86
时代新材,600458,3.97,2624.29,5.01,5.87,-0.86
沪电股份,002463,3.89,6514.48,3.49,4.35,-0.86
东方集团,600811,3.06,5094.18,4.15,5,-0.86
平煤股份,601666,2.99,7059.98,3.37,4.22,-0.85
五矿稀土,000831,5.21,3878.67,6.79,7.64,-0.85
三聚环保,300072,2.98,1781.04,6.09,6.94,-0.85
骆驼股份,601311,3,2546.62,4.75,5.59,-0.84
四川路桥,600039,2.97,8979.35,4.37,5.21,-0.84
华润三九,000999,4.13,4041.64,10.62,11.46,-0.84
中牧股份,600195,3,1285.16,2.21,3.04,-0.83
片仔癀,600436,2.68,1079.52,6.26,7.09,-0.83
石化机械,000852,3.27,1307.95,2.42,3.24,-0.83
太原重工,600169,2.99,7247.64,4.11,4.94,-0.83
恒逸石化,000703,2.99,3449.26,2.96,3.78,-0.82
环旭电子,601231,3.79,7665.35,10.75,11.56,-0.81
南京高科,600064,4.01,3106.21,5.76,6.57,-0.81
大同煤业,601001,2.99,5004.42,2.8,3.6,-0.81
津滨发展,000897,4.5,7281.8,3.95,4.75,-0.8
昊华能源,601101,4.21,5046.41,3.48,4.28,-0.8
西部矿业,601168,4.47,10653.86,7.47,8.27,-0.8
张江高科,600895,4.3,6660.57,15.01,15.8,-0.79
鲁泰A,000726,6.42,3599.44,4.46,5.25,-0.79
柳工,000528,4.19,4714.39,4.05,4.84,-0.78
荣盛发展,002146,1.18,3975.36,3.32,4.1,-0.78
洪都航空,600316,3.69,2648.72,6.67,7.45,-0.78
承德露露,000848,4.08,3072.18,4.38,5.16,-0.78
渤海租赁,000415,2.98,9296.86,7.34,8.12,-0.78
启源装备,300140,4.3,1038.76,2.32,3.09,-0.77
中粮生化,000930,4.72,4551.56,7.41,8.18,-0.77
七星电子,002371,2.59,874.93,1.69,2.45,-0.77
郑煤机,601717,3.52,4847.23,3.3,4.06,-0.76
中国重汽,000951,3.63,1521.3,2.27,3.03,-0.76
辽宁成大,600739,1.87,2546.38,4.03,4.79,-0.76
海康威视,002415,0.93,2925.28,10.13,10.88,-0.75
纽威股份,603699,17.46,2706.51,5.56,6.3,-0.74
皖能电力,000543,3.07,3149.21,4.33,5.07,-0.74
国新能源,600617,15.65,3527.89,5.92,6.66,-0.74
山东黄金,600547,3.46,4919.14,8.98,9.71,-0.74
中色股份,000758,4.26,3846.16,5.71,6.44,-0.73
中国巨石,600176,3.82,3334.68,7.78,8.5,-0.72
浦发银行,600000,5.61,83642.8,137.09,137.81,-0.72
露天煤业,002128,1.66,2197.02,2.12,2.84,-0.72
大地传媒,000719,22.25,2369.15,4.87,5.58,-0.71
华峰氨纶,002064,2.73,4141.57,2.47,3.18,-0.7
五粮液,000858,2.99,11350.12,29.2,29.9,-0.7
江苏吴中,600200,3.6,1879.62,3.86,4.56,-0.7
海正药业,600267,4.02,3881.21,5.33,6.01,-0.69
同方国芯,002049,1.9,912.17,2.98,3.66,-0.68
宁波华翔,002048,3.82,2219.98,3.51,4.17,-0.66
通宝能源,600780,3.55,4072.6,2.97,3.63,-0.66
中新药业,600329,5.33,2861.4,5.47,6.13,-0.66
双鹭药业,002038,1.42,802.41,2.36,3.02,-0.66
阳泉煤业,600348,4.27,10279.36,7.05,7.7,-0.65
中化国际,600500,3.88,6682.28,8.12,8.77,-0.65
哈投股份,600864,3.69,2017.03,2.19,2.84,-0.65
科华生物,002022,2.17,823.02,2.1,2.74,-0.64
红旗连锁,002697,1.58,1153.11,0.8,1.44,-0.64
华鲁恒升,600426,4.2,4002.91,5.51,6.15,-0.64
北大医药,000788,3.19,1782.09,2.35,2.98,-0.63
冠农股份,600251,4.12,3237.57,3.42,4.04,-0.62
广田股份,002482,2.65,1273.42,2.46,3.07,-0.62
江苏三友,002044,4.03,1120.9,3.46,4.07,-0.61
泸州老窖,000568,4.49,6286.77,15.2,15.81,-0.6
上海凯宝,300039,3.9,2388.76,3.15,3.75,-0.6
国中水务,600187,4.36,6341.54,3.96,4.55,-0.59
印记传媒,002143,6.69,772.51,1.99,2.58,-0.59
晶方科技,603005,7.79,776.27,2.82,3.41,-0.59
华录百纳,300291,1.82,771.29,2.2,2.79,-0.59
天健集团,000090,3.76,2079.21,3.76,4.34,-0.58
新华传媒,600825,2.99,3124.32,3.55,4.13,-0.58
天音控股,000829,2.81,2656.55,2.79,3.37,-0.58
靖远煤电,000552,7.09,2510.38,2.14,2.72,-0.58
东方雨虹,002271,2.26,1276.91,2.27,2.84,-0.58
京天利,300399,6.96,139.16,0.8,1.37,-0.57
隆鑫通用,603766,1.3,1042.21,2.12,2.7,-0.57
力帆股份,601777,4.15,4045.87,5.29,5.86,-0.57
维维股份,600300,4.08,6825.51,4.83,5.4,-0.57
陕鼓动力,601369,3.78,6202.94,5.37,5.93,-0.56
中国医药,600056,3.94,3863.42,6.54,7.1,-0.55
亚盛集团,600108,3.69,7179.14,5.23,5.78,-0.55
马应龙,600993,4.02,1727.23,3.61,4.16,-0.55
汇冠股份,300282,1.14,195.8,0.45,0.98,-0.54
成飞集成,002190,2.12,734.47,2.8,3.34,-0.53
物产中大,600704,4.36,4154.97,7.69,8.23,-0.53
旗滨集团,601636,0.59,1213.78,0.59,1.11,-0.52
顺鑫农业,000860,4.2,2366.61,4.35,4.87,-0.52
洋河股份,002304,1.04,1276.64,7.98,8.5,-0.52
中南传媒,601098,3.96,7120.98,15.4,15.91,-0.52
格力地产,600185,1.31,759.46,1.43,1.95,-0.52
海印股份,000861,0.22,400.65,0.27,0.79,-0.52
华润双鹤,600062,3.75,2145.74,4.89,5.4,-0.51
海马汽车,000572,4.43,7277.62,4.54,5.04,-0.5
世茂股份,600823,3.9,6882.23,7.81,8.31,-0.5
新奥股份,600803,6.3,3395.96,4.51,5.01,-0.5
文峰股份,601010,4.02,7437.13,5.96,6.46,-0.5
宁波韵升,600366,1.13,582.06,1.08,1.57,-0.49
安琪酵母,600298,3.7,1200.33,3.48,3.97,-0.49
泰格医药,300347,3.42,996.07,3.4,3.89,-0.48
陕天然气,002267,1.58,1609.44,2.09,2.57,-0.48
登海种业,002041,2.04,1779.59,2.81,3.29,-0.48
现代投资,000900,4.4,4443.07,3.57,4.05,-0.48
陕国投A,000563,3.74,4538.36,4.6,5.07,-0.48
开滦股份,600997,2.99,3691.65,2.01,2.48,-0.47
天富能源,600509,4.4,4443.07,4.57,4.05,-0.48
深科技,000021,2.16,3180.61,3.49,3.96,-0.47
日出东方,603366,3.62,2901.26,2.96,3.42,-0.47
泰禾集团,000732,2.99,3041.45,7.1,7.57,-0.46
海越股份,600387,4.25,1638.94,2.16,2.62,-0.46
深圳惠程,002168,3.89,2888.22,3.2,3.66,-0.46
北京城建,600266,1.01,1424.69,2.13,2.59,-0.45
德豪润达,002005,1.36,1582.4,1.1,1.55,-0.45
宏发股份,600885,5.44,1590.74,4.71,5.16,-0.45
士兰微,600460,4,4989.92,3.45,4.9,-0.45
联化科技,002250,3.43,1890.54,3.47,3.92,-0.45
驰宏锌褚,600497,3.45,5756.08,5.72,6.17,-0.44
和佳股份,300273,1.69,866.21,1.95,2.39,-0.44
鲁信创投,600783,3.65,2720.12,6.88,7.33,-0.44
云南锗业,002428,1.6,1010.1,1.31,1.75,-0.44
苏宁环球,000718,1.74,3328.65,3.32,3.75,-0.43
七匹狼,002029,1.72,1300.5,1.57,2,-0.43
安徽合力,600761,4.19,2583.3,3.25,3.68,-0.43
思源电气,002028,4.06,1925.98,2.77,3.19,-0.42
中国汽研,601965,3.76,3615.44,3.52,3.94,-0.42
中航重机,600765,3.48,2709.98,6.05,6.47,-0.42
祁连山,600720,4.75,3687.19,2.81,3.23,-0.42
天药股份,600488,4.38,3905.16,2.68,3.1,-0.42
青松建化,600425,2.47,3408,1.94,2.35,-0.41
海宁皮城,002344,1.35,1492.62,2.15,2.57,-0.41
香雪制药,300147,1.52,1000.25,2,2.41,-0.41
上海贝岭,600171,4.54,3061.97,5.17,5.58,-0.41
宝泰隆,601011,0.64,617.14,0.44,0.85,-0.41
隆基股份,601012,4.28,6929.98,8.54,8.95,-0.41
东旭光电,000413,5.14,10380.38,8.98,9.38,-0.4
立讯精密,002475,1.7,1953.9,6.28,6.68,-0.4
中材国际,600970,2.99,3269.02,3.86,4.26,-0.39
东风股份,601515,1.75,1947.92,2.73,3.13,-0.39
古越龙山,600059,4.15,3358.13,3.47,3.86,-0.39
东华软件,002065,0.85,1144.14,2.53,2.92,-0.39
翰宇药业,300199,2.02,1005.69,2.32,2.7,-0.38
阳光照明,600261,4.38,6350.9,4.97,5.35,-0.38
江河创建,601886,3.71,4283.66,4.89,5.26,-0.38
中青旅,600138,4.49,3154.24,6.29,6.66,-0.37
兴业矿业,000426,0.65,625.86,0.44,0.81,-0.37
华兰生物,002007,1.33,667.47,2.72,3.08,-0.37
先导股份,300450,1.91,64.92,0.58,0.94,-0.37
农产品,000061,2.52,4065.17,6.02,6.38,-0.36
亿阳信通,600289,3,1696.6,2.9,3.26,-0.36
平庄能源,000780,2.99,3032.8,1.73,2.08,-0.36
广联达,002410,0.74,527.72,0.86,1.22,-0.36
良信电器,002706,13.21,459.02,2.41,2.76,-0.36
北辰实业,601588,0.9,2381.51,1.21,1.56,-0.35
视觉中国,000681,3.95,776.31,2.19,2.54,-0.35
湖南黄金,002155,2.51,2500.11,2.11,2.47,-0.35
泰达股份,000652,4.58,6703.54,4.65,5,-0.35
江苏阳光,600220,3.17,5660.28,3.4,3.75,-0.35
棕榈园林,002431,1.32,399,0.67,1.01,-0.34
上海机电,600835,4.42,3564.27,10.27,10.61,-0.34
盛达矿业,000603,4.23,1862.54,3.04,3.37,-0.34
星网锐捷,002396,4.06,2138.95,4.37,4.71,-0.34
天山股份,000877,2.64,2320.52,1.83,2.16,-0.33
凯迪生态,000939,4.79,4506.9,5.44,5.77,-0.33
安泰科技,000969,2.99,2579.89,2.98,3.31,-0.33
博腾股份,300363,4.47,641.33,1.76,2.08,-0.33
小天鹅A,000418,5.07,2219.26,4.68,5.01,-0.33
红太阳,000525,3.53,1788.27,2.74,3.06,-0.32
光电股份,600184,2.99,1252.11,3.38,3.71,-0.32
华策影视,300133,0.69,471.58,1.17,1.49,-0.32
黑牡丹,600510,3.77,3000.58,3.11,3.42,-0.32
国药一致,000028,4.93,1150.94,7.61,7.93,-0.31
世联行,002285,1.21,1483.38,2.54,2.85,-0.31
佛慈制药,002644,0.22,98.63,0.15,0.46,-0.31
苏大维格,300331,1.38,174.54,0.4,0.71,-0.31
中元华电,300018,5.58,837.24,2.34,2.65,-0.31
中华企业,600675,2.68,5011.22,4.17,4.48,-0.31
中天城投,000540,4.01,12872.06,13.43,13.73,-0.3
上实发展,600748,4.21,4560.7,5.4,5.7,-0.3
双杰电气,300444,1.85,127.44,0.29,0.6,-0.3
大华股份,002236,1.9,1257.95,4.39,4.7,-0.3
中航三鑫,002163,1.7,1155.51,1.21,1.43,-0.3
乐普医疗,300003,1.38,947.77,3.77,4.08,-0.3
东方财富,300059,2.42,3126.8,16.7,17.01,-0.3
新安股份,600596,2.99,2030.86,1.91,2.21,-0.3
鹏欣资源,600490,0.61,908.72,0.6,0.9,-0.3
信达地产,600657,3.86,5893.57,3.77,4.07,-0.3
中航光电,002179,1.37,789.29,3.13,3.43,-0.3
神州泰岳,300002,1.77,2023.72,2.54,2.84,-0.3
中利科技,002309,1.31,471.9,0.84,1.14,-0.3
亿晶光电,600537,3.62,1758.76,2.22,2.51,-0.3
东风汽车,600006,2.99,5980.08,5.63,5.93,-0.29
金种子酒,600199,3.73,2073.12,1.86,2.15,-0.29
昆百大A,000560,0.44,184.5,0.17,0.46,-0.29
广电运通,002152,0.73,626.92,1.74,2.03,-0.29
海大集团,002311,1.13,1718.76,2.39,2.67,-0.28
苏州高新,600736,3.38,3570.95,2.91,3.19,-0.28
珠江啤酒,002461,0.7,475.81,0.67,0.95,-0.28
海澜之家,600398,5.34,8172.89,12.98,13.26,-0.28
江铃汽车,000550,1.39,718.66,2.09,2.37,-0.28
罗牛山,000735,2.35,2071,1.31,1.59,-0.28
依顿电子,603328,17.35,1699.94,4.32,4.6,-0.28
荣之联,002642,2.56,428.85,1.93,2.2,-0.27
武汉凡谷,002194,1.42,499.64,0.71,0.97,-0.27
金晶科技,600586,2.69,2002.83,1.92,2.18,-0.26
恒邦股份,002237,2.49,2002.83,1.92,2.18,-0.26
信立泰,002294,3.13,1437.09,4.1,4.36,-0.26
航天电器,002025,1.87,800.42,2.18,2.43,-0.25
厚普股份,300471,2.4,35.46,0.19,0.44,-0.25
经纬电材,300120,6.56,1021.99,1.64,1.89,-0.25
远光软件,002063,1.51,763.93,1.52,1.78,-0.25
东材科技,601208,4.12,2536.95,2.13,2.38,-0.25
佛塑科技,000973,5.49,4241.67,3.61,3.86,-0.25
龙津药业,002750,0.66,33.27,0.1,0.35,-0.25
国电南瑞,600406,5.34,11779.93,20.01,20.26,-0.25
大族激光,002008,2.09,2047.54,5.16,5.4,-0.25
天坛生物,600161,2.99,1541.26,4.37,4.62,-0.25
四维图新,002405,4.4,2896.93,9.84,10.09,-0.25
奋达科技,002681,3.72,778.8,2.42,2.67,-0.24
南岭民爆,002096,1.62,427.91,0.85,1.09,-0.24
长春高新,000661,3.27,856.59,1.26,1.5,-0.24
龙洲股份,002682,3.27,856.59,1.26,1.5,-0.24
出版传媒,601999,4.05,2232.87,2.39,2.63,-0.24
格林美,002340,1.06,1243.53,1.65,1.89,-0.24
三全食品,002216,1.15,641.87,0.67,0.91,-0.24
海航投资,000616,4.22,6034.61,4.89,5.13,-0.24
福瑞股份,300049,1.72,381.81,1.14,1.38,-0.24
飞天诚信,300386,3.58,1566.23,1.98,2.21,-0.23
青青稞酒,002646,1.87,843.25,1.81,2.05,-0.23
兴发集团,600141,3.58,1566.23,1.98,2.21,-0.23
广升堂,300436,1.16,32.52,0.27,0.5,-0.23
恒源煤电,600971,2.99,2990.08,1.84,2.07,-0.23
东阿阿胶,000423,4.42,2889.78,13.63,13.85,-0.23
步步高,002251,1.28,734.66,1.34,1.56,-0.22
佰利联,002601,1.43,234.96,0.65,0.87,-0.22
一汽轿车,000800,3.45,4880.67,8.44,8.66,-0.22
东软载波,300183,2.57,651.47,1.51,1.72,-0.22
天马股份,002122,1.89,2927.47,1.56,1.77,-0.22
浙大网新,600797,2.99,2457,3.34,3.55,-0.21
盾安环境,002011,1,843.6,1.03,1.24,-0.21
重庆啤酒,600132,2.37,1146.17,1.82,2.02,-0.2
福田汽车,600166,4.99,14015.9,9.59,9.79,-0.2
瑞茂通,600180,0.77,683.41,1.53,1.74,-0.2
鱼跃医疗,002223,1.1,545.28,2.27,2.47,-0.2
康缘药业,600557,4.13,1523.34,3.7,3.9,-0.2
美好集团,000667,2.99,7653.21,3.96,4.16,-0.2
浙江医药,600216,4.12,3860.64,3.97,4.16,-0.2
王府井,600859,3.02,1399.47,3.37,3.57,-0.19
方大炭素,600516,4.33,7450.85,8.04,8.23,-0.19
东华科技,002140,1.75,766.17,1.45,1.64,-0.19
大洋电机,002249,2.34,2119.87,2.58,2.77,-0.19
奇正藏药,002287,0.74,301.09,0.91,1.1,-0.19
豪迈科技,002595,1.85,767.62,1.65,1.84,-0.19
中光防雷,300414,1.05,44.26,0.15,0.33,-0.19
金正大,002470,0.46,544.39,1.14,1.33,-0.19
风华高科,000636,4.8,3217.72,3.15,3.33,-0.18
首创股份,600008,3.98,8745.53,9.51,9.69,-0.18
远程电缆,002692,1.69,549.84,0.87,1.05,-0.81
新和成,002001,0.7,745.94,1.14,1.31,-0.18
利德曼,300289,0.54,65.86,0.12,0.3,-0.18
海思科,002653,1.71,673.27,1.46,1.64,-0.18
中电远达,600292,2.36,1844.89,3.66,3.84,-0.17
铁岭新城,000809,1.02,558.93,0.28,0.45,-0.17
通裕重工,300185,1.57,1112.52,0.97,1.14,-0.17
超声电子,000823,4.41,2368.04,2.4,2.57,-0.17
天成控股,600112,3.25,1653.7,2.38,2.55,-0.17
易尚展示,002751,1.27,44.56,0.25,0.42,-0.17
首航节能,002665,1.5,869.25,2.32,2.49,-0.17
濮耐股份,002225,2.77,1529.32,1.14,1.31,-0.17
阳光电源,300274,1.5,683.17,1.82,1.99,-0.17
白云机场,600004,3.9,4480.73,6.03,6.2,-0.17
冠豪高新,600433,0.92,1097.8,1.12,1.29,-0.17
湖北宜化,000422,3.31,2969.74,2.16,2.32,-0.16
赤天化,600227,0.61,582.41,0.29,0.45,-0.16
新华锦,600735,0.52,163.79,0.18,0.34,-0.16
深振业A,000006,3.53,4736.82,5.57,5.73,-0.16
滨化股份,601678,2.61,2587.62,1.95,2.11,-0.16
鼎泰新材,002352,3.84,234.31,0.56,0.72,-0.16
三花股份,002050,0.9,1371.8,1.21,1.36,-0.16
航天工程,603698,11.14,916.75,3.19,3.34,-0.15
巨星科技,002444,2.49,2255.71,3.57,3.72,-0.15
凯恩股份,002012,4.12,1928.27,1.47,1.62,-0.15
斯莱克,300382,8.39,265.88,1.01,1.16,-0.15
迪安诊断,300244,1.84,332.5,2.65,2.8,-0.15
精工钢构,600496,3.64,4695.22,2.7,2.85,-0.15
齐翔腾达,002408,0.91,677.32,0.84,0.99,-0.15
天虹商场,002419,1.54,1231.09,1.59,1.74,-0.15
大连重工,002204,1.96,1896.96,1.82,1.96,-0.15
尚荣医疗,002551,1.94,517.98,1.39,1.53,-0.15
法拉电子,600563,3.1,698.4,2.13,2.27,-0.14
锦龙股份,000712,1.48,1249.16,3.3,3.44,-0.14
诚益通,300430,2.38,36.1,0.17,0.31,-0.14
华海药业,600521,3.6,2823.61,7.28,7.42,-0.14
方正科技,600601,2.85,6252.99,4.59,4.73,-0.14
尔康制药,300267,3.06,1734.48,5.24,5.38,-0.14
卡奴迪路,002656,1.62,259.25,0.49,0.63,-0.14
广电网络,600831,4.1,2310.43,3.36,3.5,-0.14
杭氧股份,002430,1.32,1066.47,1,1.14,-0.14
雅本化学,300261,1.25,461.68,0.52,0.66,-0.14
安源煤业,600397,2.99,2960.02,1.93,2.07,-0.14
宏达高科,002144,2.48,331.55,0.78,0.92,-0.14
金健米业,600127,0.91,497.33,0.33,0.46,-0.14
科大讯飞,002230,1.94,1762.49,6.58,6.72,-0.13
海洋王,002724,6.3,320.17,0.63,0.77,-0.13
三丰智能,300276,3.23,433.05,1.22,1.35,-0.13
山东墨龙,002490,4.51,1353.61,1.22,1.35,-0.13
友阿股份,002277,2.78,1575.63,2.25,2.38,-0.13
蓝思科技,300433,2.39,160.9,1.24,1.37,-0.13
天业通联,002459,3.13,622.31,0.97,1.1,-0.13
水晶光电,002273,3.11,1111.66,2.6,2.73,-0.13
西藏珠峰,600338,0.67,105.42,0.15,0.27,-0.13
美锦能源,000723,1.78,347.11,0.32,0.45,-0.13
好利来,002729,5.54,97.94,0.51,0.64,-0.12
百利电气,600468,2.99,1364.14,2.36,2.48,-0.12
亚太科技,002540,1.61,1133.18,1.13,1.25,-0.12
德赛电池,000049,3.42,702.79,3.22,3.35,-0.12
西仪股份,002265,1.48,429.25,0.54,0.67,-0.12
光洋股份,002708,0.99,68.52,0.07,0.19,-0.12
中文传媒,600373,4.77,5646.28,14.01,14.13,-0.12
浦东建设,600284,4.31,2848.31,3.91,4.04,-0.12
均胜电子,600699,5.38,2417.72,8,8.12,-0.12
三环集团,300408,4.43,407.43,1.46,1.58,-0.12
郑州煤电,600121,0.87,608.64,0.34,0.45,-0.12
创维数字,000810,0.39,151.1,0.19,0.31,-0.12
普路通,002769,0.67,24.84,0.15,0.27,-0.11
横店东磁,002056,1.21,498.92,1.14,1.26,-0.11
中化岩土,002542,2,717.33,0.86,0.97,-0.11
卫星石化,002648,0.57,458.17,0.53,0.64,-0.11
博汇纸业,600966,0.43,580.74,0.21,0.32,-0.11
罗莱家纺,002293,1.32,924,1.66,1.77,-0.11
深圳燃气,601139,3.25,7089.31,6.64,6.75,-0.11
东易日盛,002713,3.38,210.71,0.44,0.55,-0.11
冠城大通,600067,4.92,7299.07,6.27,6.38,-0.11
我武生物,300357,2.3,159.25,0.63,0.73,-0.11
安阳钢铁,600569,0.47,1123.86,0.34,0.45,-0.11
厦工股份,600815,0.26,253.39,0.23,0.34,-0.11
新大陆,000997,4.06,3718.3,9.28,9.39,-0.11
掌趣科技,300315,1.52,2454.19,3.38,3.48,-0.1
茂化实华,000637,1.4,516.01,0.37,0.47,-0.1
远望谷,002161,0.46,322.88,0.5,0.61,-0.1
云内动力,000903,1.16,793.79,0.62,0.72,-0.1
浙富控股,002266,1.86,2653.73,2.34,2.44,-0.1
三维工程,002469,1.68,474.4,0.7,0.8,-0.1
中葡股份,600084,0.45,343.81,0.25,0.35,-0.1
八一钢铁,600581,0.45,343.81,0.25,0.35,-0.1
恒宝股份,002104,2.45,1404.86,2.8,2.9,-0.1
铜峰电子,600237,0.67,379.7,0.22,0.32,-0.1
阳普医疗,300030,3.98,962.08,1.81,1.91,-0.1
时代出版,600551,3.77,1906.4,3.57,3.66,-0.1
永高股份,002641,0.99,678.96,0.61,0.7,-0.09
西宁特钢,600117,0.62,461.34,0.25,0.34,-0.09
桂林三金,002275,1.5,795.52,1.65,1.75,-0.09
漫步者,002351,3.36,449.17,1.01,1.1,-0.09
孚日股份,002083,1.42,1202.64,0.83,0.93,-0.09
哈药股份,600664,3.42,6556.54,7.69,7.78,-0.09
山东钢铁,600022,0.13,806.77,0.25,0.35,-0.09
贵糖股份,000833,0.8,237.89,0.24,0.33,-0.09
新北洋,002376,1.5,823.25,1.21,1.3,-0.09
深高速,600548,0.31,441.6,0.3,0.39,-0.09
吉恩镍业,600432,0.31,248.28,0.23,0.32,-0.09
南京中北,000421,1.26,442.8,0.38,0.47,-0.09
环能科技,300425,1.73,31.06,0.12,0.21,-0.09
醋化股份,603968,0.61,31.26,0.08,0.17,-0.09
太化股份,600281,1.18,606.65,0.37,0.46,-0.09
雄韬股份,002733,1.43,109.2,0.21,0.3,-0.09
会稽山,601579,0.9,223.4,0.27,0.35,-0.09
唐德影视,300426,0.78,15.6,0.11,0.19,-0.08
节能风电,601016,0.18,143.73,0.25,0.34,-0.08
鼎汉技术,300011,3.5,1214.92,3.46,3.54,-0.08
云维股份,600725,1.01,624.66,0.35,0.44,-0.08
通润装备,002150,1.44,359.33,0.31,0.39,-0.08
凌钢股份,600231,0.72,575.59,0.27,0.35,-0.08
中来股份,300393,2.54,97.59,0.42,0.51,-0.08
东方市场,000301,0.56,682.2,0.36,0.45,-0.08
京山轻机,000821,0.81,280.18,0.43,0.51,-0.08
广东鸿图,002101,1.54,295.7,0.63,0.71,-0.08
九阳股份,002242,5.02,625.41,0.24,0.32,-0.08
山鹰纸业,600567,0.29,625.41,0.24,0.32,-0.08
华铭智能,300462,0.82,28.2,0.08,0.16,-0.08
爱尔眼科,300015,0.87,676.3,2.17,2.25,-0.08
中视传媒,600088,2.48,821.84,1.98,2.06,-0.08
国栋建设,600321,0.42,493.41,0.25,0.32,-0.08
鄂武商A,000501,3.96,2009.98,3.69,3.77,-0.08
新澳股份,603889,3.81,152.44,0.38,0.46,-0.08
涪陵榨菜,002507,1.82,337.54,0.64,0.71,-0.08
中钢国际,000928,0.55,154.17,0.26,0.34,-0.08
上海绿新,002565,1.02,699.5,0.6,0.68,-0.08
龙江交通,601188,0.69,837.71,0.4,0.48,-0.07
力生制药,002393,2.48,450.77,1.69,1.76,-0.07
栋梁新材,002082,1.63,314.15,0.32,0.39,-0.07
新乡化纤,000949,0.54,551.83,0.28,0.36,-0.07
誉衡药业,002437,0.75,525.59,1.54,1.61,-0.07
龙大肉食,002726,3.94,430.55,0.55,0.62,-0.07
金山股份,600396,0.5,407.63,0.29,0.37,-0.07
飞凯材料,300398,3.97,103.24,0.69,0.76,-0.07
锌业股份,000751,0.32,456.15,0.27,0.34,-0.07
汇鸿集团,600981,0.53,275.26,0.26,0.34,-0.07
澄星股份,600078,0.39,259.37,0.18,0.25,-0.07
黔轮胎A,000589,0.53,397.99,0.27,0.34,-0.07
东华实业,600393,1.27,368.43,0.31,0.38,-0.07
锐奇股份,300126,0.52,109.55,0.19,0.26,-0.07
麦捷科技,300319,5.55,350.24,0.92,0.99,-0.07
煤气化,000968,1.07,547.22,0.39,0.46,-0.07
金叶珠宝,000587,2.99,1665.95,3.44,3.51,-0.07
全聚德,002186,1.15,321.57,0.64,0.71,-0.07
天马精化,002453,0.41,217.67,0.13,0.2,-0.07
鑫科材料,600255,0.33,512.38,0.26,0.33,-0.07
国统股份,002205,4.69,544.69,1.25,1.32,-0.07
杰赛科技,002544,1.25,638.45,1.89,1.96,-0.07
维格娜丝,603518,1.89,69.91,0.2,0.27,-0.07
*SJ舜船,002608,1.73,558.16,0.49,0.56,-0.07
巨力索具,002342,2.2,1820.89,1.31,1.37,-0.07
赤峰黄金,600988,0.85,239.42,0.28,0.35,-0.07
江山化工,002061,0.47,193.81,0.13,0.2,-0.07
联发股份,002394,1.26,406.96,0.54,0.61,-0.07
萃华珠宝,002731,5.08,191.55,0.54,0.6,-0.07
天舟文化,300148,0.3,104.54,0.17,0.23,-0.07
鲍斯股份,300441,1.41,29.74,0.07,0.14,-0.07
如意集团,000626,0.38,76.44,0.33,0.4,-0.07
二三四五,002195,0.85,381.85,1.29,1.36,-0.07
鲁银投资,600784,0.61,301.81,0.26,0.33,-0.07
华联综超,600361,0.59,394.28,0.29,0.35,-0.06
西安饮食,000721,0.84,366.93,0.3,0.36,-0.06
中海达,300177,2.64,671.15,1.18,1.25,-0.06
南钢股份,600282,0.2,756.05,0.28,0.34,-0.06
伟星新材,002372,1.09,554.72,0.93,1,-0.06
东方电缆,603606,3.21,221.31,0.36,0.43,-0.06
新大新材,300080,1.49,535.03,0.42,0.49,-0.06
万向德农,600371,1.12,253.18,0.4,0.46,-0.06
宝钛股份,600456,2.8,1204.12,2.16,2.22,-0.06
浙江富润,600070,0.61,217.66,0.21,0.27,-0.06
瑞贝卡,600439,0.72,676.64,0.41,0.47,-0.06
道氏技术,300409,3.85,93.96,0.42,0.48,-0.06
金瑞矿业,600714,1.39,380.06,0.38,0.44,-0.06
万家乐,000533,0.44,300.51,0.22,0.28,-0.06
盛路通信,002446,1.55,250.54,0.66,0.72,-0.06
红宝丽,002165,1.51,797.86,0.56,0.62,-0.06
龙源技术,300105,1.23,630.26,0.66,0.72,-0.06
太阳纸业,002078,0.34,669.21,0.36,0.43,-0.06
天保基建,000965,0.44,447.07,0.27,0.33,-0.06
新华龙,603399,0.77,273.87,0.27,0.33,-0.06
设计股份,603018,2.06,53.52,0.34,0.39,-0.06
万通地产,600246,0.43,525.1,0.27,0.33,-0.06
新农开发,600359,1.07,342.56,0.42,0.48,-0.06
吉林化纤,000420,3.38,67.46,0.31,0.37,-0.06
中电电机,603988,3.38,67.46,0.31,0.37,-0.06
康斯特,300445,0.61,12.42,0.06,0.11,-0.06
大龙地产,600159,0.93,772.71,0.4,0.46,-0.06
华泰股份,600308,0.45,523.41,0.28,0.33,-0.06
山东地矿,000409,0.87,312.4,0.28,0.33,-0.06
云铝股份,000807,0.34,525.58,0.27,0.33,-0.06
天房发展,600322,0.51,568.55,0.28,0.34,-0.06
精达股份,600577,0.37,518.96,0.27,0.33,-0.06
时代万恒,600241,1.78,320.72,0.37,0.42,-0.06
川大智胜,002253,2.23,282.59,1.06,1.12,-0.06
常宝股份,002478,1.62,456.45,0.57,0.63,-0.06
福达股份,603166,1.44,62.8,0.19,0.24,-0.05
长青股份,002391,2,426.27,0.66,0.72,-0.05
万年青,000789,0.71,433.45,0.31,0.36,-0.05
海王生物,000078,2.27,1656.51,2.95,3.01,-0.05
天津松江,600225,0.51,317.18,0.22,0.27,-0.05
桂林旅游,000978,0.87,314.11,0.33,0.38,-0.05
顾地科技,002694,1.39,473.33,0.55,0.61,-0.05
惠伦晶体,300460,2.64,111.03,0.32,0.37,-0.05
天康生物,002100,1.76,832.1,0.86,0.92,-0.05
上海能源,600508,0.56,408.83,0.41,0.46,-0.05
杭锅股份,002534,1.06,415.66,0.6,0.65,-0.05
美菱电器,000521,0.74,439.95,0.28,0.34,-0.05
漳泽电力,000767,0.43,664.28,0.41,0.46,-0.05
渤海股份,000605,1.31,155.63,0.29,0.34,-0.05
嘉凯城,000918,0.32,581.31,0.29,0.34,-0.05
力合股份,000532,0.5,171.67,0.29,0.34,-0.05
国际实业,000159,1.04,499.75,0.41,0.46,-0.05
华天科技,002185,0.9,627.49,1.02,1.07,-0.05
宁波联合,600051,1.32,402.97,0.41,0.46,-0.05
宜昌交运,002627,1.68,220.21,0.46,0.5,-0.05
浪潮软件,600756,0.43,121.14,0.29,0.34,-0.05
冀东装备,000856,1.23,279.73,0.3,0.35,-0.05
葵花药业,002737,3.36,245.02,1.18,1.23,-0.05
雪迪龙,002658,1.97,561.46,1.45,1.5,-0.05
龙宇燃油,603003,0.68,138.06,0.28,0.33,-0.05
黑猫股份,002068,1.18,717.4,0.49,0.54,-0.05
新钢股份,600782,0.44,619.14,0.32,0.36,-0.05
博晖创新,300318,1.61,326.68,0.84,0.88,-0.05
江粉磁材,002600,1.92,744.18,0.55,0.6,-0.05
穗恒运A,000531,0.46,314.65,0.29,0.34,-0.05
大东方,600327,0.62,324.76,0.29,0.34,-0.05
新赛股份,600540,1.08,237.88,0.32,0.36,-0.05
宁波富达,600724,0.32,456.7,0.29,0.34,-0.05
松芝股份,002454,1.85,468.67,0.74,0.79,-0.05
兰花科创,600123,0.34,385.4,0.29,0.34,-0.05
天原集团,002386,1.26,849.39,0.55,0.6,-0.04
杭州解百,600814,0.91,283.39,0.29,0.33,-0.04
长城电工,600192,0.73,321.69,0.29,0.34,-0.04
苏常柴A,000570,0.8,330.59,0.31,0.35,-0.04
仁智油服,002629,2.82,929.98,0.71,0.75,-0.04
山东海化,000822,0.53,476.41,0.3,0.34,-0.04
天际股份,002759,2.38,57.24,0.21,0.25,-0.04
奥康国际,603001,1.06,426.72,1.22,1.26,-0.04
雅致股份,002314,1.82,1054.96,1.03,1.07,-0.04
玉龙股份,601028,0.46,324.52,0.3,0.34,-0.04
中矿资源,002738,4.95,148.56,0.45,0.49,-0.04
赣粤高速,600269,0.26,610.13,0.33,0.37,-0.04
华西股份,000936,0.39,428.84,0.29,0.33,-0.04
宋都股份,600077,0.39,428.84,0.29,0.33,-0.04
艾比森,300389,1.6,71.56,0.22,0.26,-0.04
金鹰股份,600232,1.27,460.68,0.41,0.45,-0.04
四川双马,000935,1.88,602.45,0.41,0.45,-0.04
天桥起重,002523,1.76,530.02,0.42,0.46,-0.04
向日葵,300111,1,1113.52,0.67,0.72,-0.04
金陵药业,000919,3.56,1791.22,3.07,3.11,-0.04
卧龙地产,600173,0.67,482.65,0.3,0.34,-0.04
嘉应制药,002198,1.57,614.57,0.59,0.63,-0.04
粤高速A,000429,0.88,414.45,0.26,0.3,-0.04
申华控股,600653,0.29,497.81,0.3,0.34,-0.04
荣华实业,600311,0.72,476.29,0.3,0.34,-0.04
达刚路机,300103,3.95,333.77,0.6,0.64,-0.04
通光线缆,300265,1.08,363.78,0.46,0.49,-0.04
华帝股份,002035,1.28,364.67,0.52,0.56,-0.04
桂冠电力,600236,0.4,449.93,0.35,0.39,-0.04
乐通股份,002319,1.22,243.64,0.41,0.44,-0.04
东方新星,002755,2.04,51.71,0.17,0.21,-0.04
嘉事堂,002462,2.27,445.49,1.86,1.89,-0.04
中航电测,300114,0.86,175.41,0.64,0.67,-0.04
莎普爱思,603168,0.62,62.09,0.3,0.34,-0.04
康耐特,300061,2.37,337.35,0.38,0.42,-0.04
宝光股份,600379,0.62,146.84,0.23,0.27,-0.03
四方达,300179,1.44,465.63,0.36,0.39,-0.03
华东科技,000727,0.92,328.52,0.31,0.34,-0.03
青岛双星,000599,0.66,345.14,0.3,0.34,-0.03
启明信息,002232,1.08,433.42,0.69,0.72,-0.03
东信和平,002017,1.17,396.45,0.62,0.65,-0.03
东百集团,600693,0.96,329.43,0.29,0.33,-0.03
南国置业,002305,0.26,286.44,0.16,0.19,-0.03
海南高速,000886,0.58,561.89,0.3,0.34,-0.03
长源电力,000966,0.42,230.17,0.3,0.34,-0.03
九鼎新材,002201,0.37,81.22,0.11,0.14,-0.03
科隆精化,300405,5.7,96.82,0.4,0.44,-0.03
华懋科技,603306,2.56,123.4,0.42,0.46,-0.03
云煤能源,600792,0.8,756.54,0.42,0.45,-0.03
大湖股份,600257,0.47,202.51,0.22,0.25,-0.03
亚玛顿,002623,1.35,216.15,0.67,0.7,-0.03
齐峰新材,002521,1.13,454.57,0.51,0.54,-0.03
恒通科技,300374,2.9,140.99,0.28,0.31,-0.03
永安药业,002365,3.54,518.25,0.88,0.91,-0.03
曙光股份,600303,0.56,323.02,0.23,0.26,-0.03
益盛药业,002566,0.58,120.1,0.19,0.22,-0.03
深赛格,000058,0.42,227.19,0.29,0.32,-0.03
航新科技,300424,1.44,47.76,0.33,0.36,-0.03
云南旅游,002059,1.34,623.68,0.74,0.77,-0.03
昆药集团,600422,3.58,1218.99,4.1,4.13,-0.03
轴研科技,002046,1.27,431.46,0.45,0.48,-0.03
西部材料,002149,2.28,397.56,0.8,0.83,-0.03
木林森,002745,1.05,46.55,0.16,0.19,-0.03
奥普光电,002338,1.27,149.55,0.86,0.89,-0.03
福星晓程,300139,1.06,225.19,0.37,0.4,-0.03
远东传动,002406,0.56,197.7,0.18,0.2,-0.03
一汽富维,600742,0.63,134.27,0.32,0.35,-0.03
宝色股份,300402,5.16,263,0.42,0.45,-0.03
信隆实业,002105,1.28,472.3,0.4,0.43,-0.03
沙隆达A,000553,0.77,281.73,0.3,0.33,-0.03
胜利股份,000407,0.69,447.03,0.31,0.33,-0.03
烽火电子,000561,0.23,134.89,0.14,0.17,-0.03
四方精创,300468,2.61,65.36,0.46,0.49,-0.03
蓝丰生化,002513,0.56,119.48,0.17,0.19,-0.03
山西焦化,600740,0.78,510.47,0.31,0.33,-0.03
梅安森,300275,2.1,228.67,0.47,0.5,-0.03
东陵粮油,000893,0.6,236.98,0.31,0.33,-0.03
青山纸业,600103,0.48,506.9,0.3,0.32,-0.03
西藏天路,600326,0.18,97.1,0.11,0.13,-0.03
昇兴股份,002752,1.19,71.4,0.21,0.24,-0.03
奥瑞金,002701,1.67,863.8,2.34,2.37,-0.03
劲拓股份,300400,5.96,178.88,0.6,0.63,-0.03
鲁丰环保,002379,0.2,137.15,0.06,0.08,-0.02
安诺其,300067,1.18,402.38,0.41,0.43,-0.02
山东章鼓,002598,1.57,414.67,0.42,0.45,-0.02
中威电子,300270,2.22,313.04,0.52,0.55,-0.02
德联集团,002666,0.75,170.7,0.19,0.22,-0.02
鼎捷软件,300378,0.83,42.47,0.22,0.24,-0.02
蓝科高新,601798,0.71,253.06,0.31,0.33,-0.02
麦迪电气,300341,1.81,332.6,0.67,0.7,-0.02
东方电热,300217,0.76,162.94,0.17,0.19,-0.02
天沃科技,002564,0.4,197.27,0.18,0.2,-0.02
新朋股份,002328,0.6,196.38,0.19,0.22,-0.02
华塑控股,000509,0.79,481.31,0.31,0.34,-0.02
先锋电子,002767,1.4,35.08,0.12,0.14,-0.02
漳州发展,000753,0.75,522.46,0.31,0.33,-0.02
太极实业,600667,0.35,411.55,0.3,0.32,-0.02
美克家居,600337,3,1927.32,2.96,2.98,-0.02
世龙实业,002748,1.65,49.55,0.14,0.16,-0.02
奥克股份,300082,0.9,603.34,0.44,0.46,-0.02
普洛药业,000739,0.53,399.26,0.31,0.33,-0.02
楚天高速,600035,0.1,151.25,0.08,0.1,-0.02
方盛制药,603998,3.26,115.3,0.44,0.46,-0.02
国光股份,002749,1.62,24.25,0.18,0.2,-0.02
中际装备,300308,1.62,350.68,0.55,0.57,-0.02
四川成渝,601107,0.09,199.27,0.09,0.11,-0.02
东北制药,000597,0.82,357.85,0.31,0.33,-0.02
秋林集团,600891,1.09,353.17,0.31,0.33,-0.02
栖霞建设,600533,0.57,595.13,0.31,0.33,-0.02
澳洋顺昌,002245,0.28,249.06,0.18,0.2,-0.02
华映科技,000536,0.97,243.84,0.32,0.34,-0.02
三圣特材,002742,1.41,50.59,0.15,0.17,-0.02
索凌股份,002766,1.02,46.67,0.13,0.15,-0.02
梦洁家纺,002397,0.62,202.85,0.19,0.21,-0.02
柏堡龙,002776,1.1,28.86,0.14,0.16,-0.02
沈阳化工,000698,0.93,583.47,0.43,0.47,-0.02
红蜻蜓,603116,0.32,18.97,0.06,0.07,-0.02
海翔药业,002099,1.65,527.02,1.19,1.2,-0.02
九强生物,300406,1.4,68.64,0.27,0.29,-0.02
中原高速,600020,0.26,593.91,0.34,0.36,-0.02
深圳能源,000027,10.7,15381.46,16.23,16.25,-0.02
普邦园林,002663,3.43,2536.95,2.21,2.23,-0.02
文科园林,002775,1.21,36.19,0.14,0.15,-0.02
利尔化学,002258,1.14,230.78,0.53,0.55,-0.02
建峰化工,000950,0.34,202.03,0.14,0.16,-0.02
明泰铝业,601677,0.63,253.46,0.32,0.34,-0.02
拓日新能,002218,0.41,194.95,0.19,0.21,-0.02
香溢融通,600830,0.66,302.02,0.34,0.36,-0.02
迪森股份,300335,1.89,445.52,0.63,0.64,-0.02
长方照明,300301,0.98,233.41,0.19,0.2,-0.02
宁夏建材,600449,0.73,346.78,0.33,0.35,-0.02
山东如意,002193,0.79,125.72,0.19,0.21,-0.02
九华旅游,603199,0.48,13.35,0.06,0.07,-0.02
海鸥卫浴,002084,0.3,111.02,0.09,0.11,-0.02
闽发铝业,002578,0.42,111.02,0.12,0.14,-0.02
吉林高速,601518,0.13,162.48,0.08,0.09,-0.02
康跃科技,300391,3.03,156.7,0.3,0.31,-0.02
中京电子,002579,0.47,164.72,0.18,0.2,-0.02
珍宝岛,603567,0.4,25.81,0.11,0.13,-0.02
继峰股份,603997,0.54,32.56,0.06,0.08,-0.02
御银股份,002177,0.34,200.62,0.21,0.23,-0.02
陕西黑猫,601015,0.59,70.62,0.08,0.1,-0.02
合肥百货,000417,4.16,3238.49,3.24,3.25,-0.01
北纬通信,002148,0.58,117.33,0.2,0.21,-0.01
永东股份,002753,1.3,32.03,0.12,0.13,-0.01
金力泰,300225,1.44,485.83,0.35,0.36,-0.01
高伟达,300465,7.05,235.06,1.81,1.82,-0.01
广信股份,603599,0.39,18.19,0.07,0.08,-0.01
金石东方,300434,1.34,22.84,0.11,0.12,-0.01
浩云科技,300448,2.35,47.04,0.37,0.38,-0.01
朗源股份,300175,1.49,690.51,0.7,0.72,-0.01
金瑞科技,600390,0.68,259.27,0.35,0.36,-0.01
得利斯,002330,0.21,93.78,0.11,0.12,-0.01
跃岭股份,002725,4.47,236.94,0.46,0.47,-0.01
聚隆科技,300475,0.91,45.51,0.12,0.14,-0.01
天地源,600665,0.16,140.75,0.08,0.09,-0.01
二六三,002467,1.13,742.69,1.06,1.07,-0.01
东宝生物,300239,1.31,252.62,0.34,0.35,-0.01
福安药业,300194,2.28,341.55,0.65,0.66,-0.01
蓝黛传动,002765,1.13,58.68,0.16,0.17,-0.01
福鞍股份,603315,0.72,18.09,0.07,0.08,-0.01
秦川机床,000837,0.59,24188,0.37,0.38,-0.01
灵康药业,603669,0.35,22.92,0.07,0.08,-0.01
泰山石油,000554,0.75,272.24,0.33,0.34,-0.01
华神集团,000790,0.49,208.86,0.25,0.26,-0.01
北玻股份,002613,0.62,268.74,0.19,0.2,-0.01
山推股份,000680,4.21,4023.61,2.84,2.86,-0.01
柯利达,603828,0.69,20.63,0.07,0.08,-0.01
华宏科技,002645,0.66,101.13,0.2,0.21,-0.01
日机密封,300470,1.22,16.28,0.13,0.14,-0.01
博深工具,002282,2.5,466.69,0.52,0.53,-0.01
美欣达,002034,0.91,55.53,0.17,0.18,-0.01
海泰发展,600082,0.8,508.78,0.32,0.33,-0.01
海联讯,300277,1.69,164.68,0.34,0.35,-0.01
沧州大化,600230,1.07,315.06,0.34,0.35,-0.01
滨海能源,000695,0.75,166.52,0.27,0.28,-0.01
众兴菌业,002772,1.07,39.92,0.15,0.16,-0.01
蓝晓科技,300487,0.93,18.68,0.09,0.1,-0.01
汉邦高科,300449,2.51,44.5,0.38,0.39,-0.01
天津普林,002134,1.54,377.53,0.42,0.43,-0.01
多喜爱,002761,2.13,63.97,0.23,0.24,-0.01
南兴装备,002757,0.97,26.53,0.09,0.1,-0.01
科迪乳业,002770,0.72,49.13,0.12,0.13,-0.01
步森股份,002569,1.39,191.77,0.42,0.43,-0.01
太空板业,300344,1.18,283.98,0.32,0.33,-0.01
建新股份,300107,1.19,401.48,0.27,0.28,-0.01
东华测试,300354,2.56,176.36,0.51,0.52,-0.01
深华新,000010,0.89,361.95,0.31,0.32,-0.01
中泰股份,300435,1.42,28.38,0.13,0.14,-0.01
康拓红外,300455,0.8,27.94,0.11,0.12,-0.01
丹化科技,600844,0.49,289.17,0.26,0.26,-0.01
伊力特,600197,0.66,291.61,0.34,0.35,-0.01
德尔股份,300473,0.78,19.54,0.12,0.12,-0.01
电子城,600658,0.51,295.65,0.34,0.35,-0.01
富煌钢构,002743,2.1,63.79,0.17,0.18,-0.01
田中精机,300461,1.49,24.77,0.11,0.11,-0.01
华峰超纤,300180,1.26,379.2,0.53,0.53,-0.01
珠海港,000507,0.72,559.61,0.44,0.45,-0.01
新宝股份,002705,5.56,607.89,1.07,1.07,-0.01
欣泰电器,300372,1.54,137.13,0.21,0.21,-0.01
华光股份,600475,0.84,215.68,0.33,0.34,-0.01
国恩股份,002768,1.31,26.24,0.11,0.12,-0.01
明星电缆,603333,1.03,537.14,0.44,0.44,-0.01
嘉寓股份,300117,0.36,116.84,0.11,0.11,-0.01
弘讯科技,603015,0.55,27.72,0.08,0.08,0
安利股份,300218,2.02,340.02,0.48,0.49,0
延华智能,002178,0.16,90.98,0.11,0.12,0
天龙光电,300029,1.11,214.12,0.26,0.26,0
开元仪器,300338,1.02,98.27,0.14,0.14,0
四通新材,300428,0.62,12.48,0.06,0.06,0
克明面业,002661,1.47,120.62,0.5,0.5,0
上海新阳,300236,0.84,127.46,0.32,0.32,0
锦州港,600190,0.4,536.49,0.33,0.34,0
绿城水务,601368,0.32,47.32,0.08,0.09,0
力星股份,300421,0.91,25.56,0.08,0.08,0
博威合金,601137,0.76,163.35,0.33,0.33,0
新疆城建,600545,2.99,2020.61,2.43,2.43,0
爱普股份,603020,0.39,15.77,0.07,0.08,0
绿盟科技,300369,1.69,173.33,0.76,0.76,0
精锻科技,300258,1.32,329.88,0.5,0.5,0
中原环保,000544,0.76,204.75,0.34,0.35,0
香江控股,600162,0.8,610.88,0.48,0.49,0
海伦钢琴,300329,2.93,200.96,0.51,0.51,0
熊猫金控,600599,0.86,108.12,0.32,0.32,0
大连电瓷,002606,0.13,104.35,0.08,0.08,0
连云港,601008,0.13,104.35,0.08,0.08,0
三江购物,601116,0.63,259.63,0.27,0.27,0
毅昌股份,002420,1.56,602.25,0.54,0.54,0
地尔汉字,300403,2.57,87.25,0.41,0.41,0
翠微股份,603123,1.42,437.59,0.46,0.46,0
黔源电力,002039,1.07,326.37,0.56,0.56,0
福建金森,002679,1.37,190.55,0.4,0.4,0
银禧科技,300221,0.28,112.65,0.12,0.12,0
常铝股份,002160,0.55,178.99,0.2,0.2,0
深纺织A,000045,0.71,285.97,0.36,0.36,0
华东重机,002685,1.16,648.77,0.66,0.66,0
大通燃气,000593,0.33,72.8,0.08,0.08,0
丽江旅游,002033,1.03,435.07,0.63,0.63,0
瑞丰高材,300243,2.79,372.87,0.57,0.57,0
豫能控股,001896,0.6,258.39,0.35,0.35,0
汇洁股份,002763,0.61,33.21,0.12,0.11,0
金山开发,600679,1.25,226.66,0.37,0.37,0
北特科技,603009,0.7,24.2,0.08,0.07,0
宏昌电子,603002,0.2,79.53,0.08,0.08,0
星期六,002291,0.43,156.55,0.21,0.21,0
三诺生物,300298,1.93,203.2,0.75,0.75,0
瑞丰光电,300241,2.05,328.33,0.43,0.43,0
英飞拓,002528,0.35,178.46,0.21,0.2,0
世荣兆业,002016,0.26,167.65,0.19,0.19,0
广百股份,002187,1.11,371.15,0.6,0.59,0
中飞股份,300489,1.27,14.36,0.11,0.1,0
银河磁体,300127,1.53,338.81,0.48,0.48,0
乾照光电,300102,1.22,440.35,0.38,0.38,0
埃斯顿,002747,0.85,25.62,0.15,0.14,0
烯碳新材,000511,3.51,4047.87,3.61,3.6,0
安科瑞,300286,0.87,72.73,0.18,0.18,0
星徽精密,300464,0.71,14.69,0.06,0.06,0
鲁亿通,300423,0.92,20.24,0.08,0.07,0
同大股份,300321,1.83,81.25,0.58,0.58,0
华通医药,002758,1.16,16.28,0.1,0.1,0
友邦吊顶,002718,1.15,24.03,0.12,0.11,0.01
华铁科技,603300,0.64,32.49,0.09,0.09,0.01
金禾实业,002597,0.32,175.07,0.21,0.2,0.01
西部建设,002302,1.77,479.38,0.87,0.86,0.01
阳谷华泰,300121,1.93,265.77,0.29,0.29,0.01
凤形股份,002760,2.38,52.44,0.2,0.19,0.01
华东医药,000963,0.97,420.62,3.19,3.18,0.01
迪瑞医疗,300396,3.62,155.05,0.73,0.72,0.01
西部黄金,601069,0.39,49.75,0.09,0.08,0.01
宝德股份,300023,0.8,39.86,0.12,0.11,0.01
法因数控,002270,2.37,330.66,0.53,0.53,0.01
申通地铁,600834,0.39,185.77,0.35,0.34,0.01
易世达,300125,7.29,564.83,1.61,1.6,0.01
杭州高新,300478,2.57,42.81,0.21,0.2,0.01
北化股份,002246,1.26,521.42,0.65,0.64,0.01
模塑科技,000700,0.43,133.61,0.26,0.25,0.01
鲁阳节能,002088,1.55,206.46,0.28,0.27,0.01
新莱应材,300260,3.56,168.06,0.43,0.42,0.01
浩宁达,002356,0.16,38.34,0.1,0.09,0.01
大豪科技,603025,0.4,20.5,0.09,0.08,0.01
鸿路钢构,002541,2.08,343.02,0.59,0.58,0.01
新野纺织,002087,0.33,171.14,0.13,0.12,0.01
全柴动力,600218,0.25,70.38,0.08,0.07,0.01
烽火通信,600498,1.95,1881.27,4.71,4.7,0.01
茂硕电源,002660,0.95,172.59,0.22,0.21,0.01
王子新材,002735,5.49,109.82,0.41,0.39,0.01
天海投资,600751,0.86,333.32,0.35,0.34,0.01
粤传媒,002181,0.73,827.76,1.01,0.99,0.01
仙坛股份,002746,1.57,62.42,0.21,0.2,0.01
森远股份,300210,2.76,317.98,0.52,0.51,0.01
江苏舜天,600287,0.31,133.81,0.16,0.15,0.01
慈星股份,300307,0.57,453.44,0.63,0.62,0.01
彭杰股份,002634,1.31,92.12,0.23,0.22,0.01
天孚通信,300394,1.12,17.14,0.13,0.12,0.01
日照港,600017,3.52,10833.62,8.11,8.1,0.01
金莱特,002723,2.4,146.87,0.29,0.27,0.01
华纺股份,600448,0.95,380.83,0.33,0.32,0.01
亚夏汽车,002607,0.46,113.87,0.13,0.11,0.01
博云新材,002297,1.3,472.89,0.71,0.7,0.01
蓝星新材,600299,0.38,200.1,0.36,0.35,0.02
冀凯股份,002691,1.39,276.33,0.49,0.47,0.02
南华仪器,300417,1.63,16.65,0.13,0.11,0.02
石油济柴,000617,0.23,65.52,0.09,0.08,0.02
东方日升,300118,2.31,911.76,1.18,1.16,0.02
岷江水电,600131,1,396.57,0.36,0.35,0.02
雪浪环境,300385,3,131.01,0.56,0.54,0.02
国脉科技,002093,0.24,205.86,0.31,0.29,0.02
威华股份,002240,0.32,117.42,0.15,0.13,0.02
真视通,002771,0.67,13.39,0.11,0.09,0.02
九洲电气,300040,0.91,181.05,0.21,0.19,0.02
亿通科技,300211,2.75,250.97,0.45,0.43,0.02
焦点科技,002315,3.93,237.22,1.87,1.85,0.02
新宙邦,300037,3.71,403.46,1.39,1.37,0.02
精功科技,002006,0.49,213.29,0.22,0.2,0.02
闽东电力,000993,1.29,481.33,0.46,0.44,0.02
耐威科技,300456,2.82,59.3,0.61,0.59,0.02
汇川科技,300124,2.37,1473.83,6.75,6.73,0.02
坚瑞消防,300116,0.87,211.64,0.19,0.17,0.02
韩建河山,603616,1.1,40.21,0.16,0.14,0.02
裕兴股份,300305,3.29,206.9,0.49,0.46,0.02
福晶科技,002222,1.34,373.9,0.61,0.58,0.02
佳创视讯,300264,2.34,400.13,0.61,0.58,0.02
钢研高纳,300034,2.07,662.29,1.86,1.84,0.02
丰林集团,601996,0.79,372.71,0.37,0.35,0.02
华意压缩,000404,0.87,431.59,0.36,0.34,0.02
科新机电,300092,1.2,182.08,0.25,0.22,0.02
首商股份,600723,0.76,501.28,0.51,0.49,0.02
贵研铂业,600459,0.73,190.94,0.36,0.33,0.02
浩物股份,000757,1.16,362.78,0.37,0.35,0.03
温州宏丰,300283,2.76,352.13,0.4,0.38,0.03
金雷风电,300443,3.74,42.09,0.56,0.53,0.03
天汽模,002510,1.48,470.83,0.56,0.53,0.03
泰胜风能,300129,1.16,538.86,0.46,0.43,0.03
兄弟科技,002562,0.67,72.63,0.15,0.12,0.03
福星股份,000926,5.44,2883.5,3.62,3.59,0.03
旷达科技,002516,2.5,680.25,0.9,0.87,0.03
华丽家族,600503,0.9,1406.4,1.93,1.9,0.03
青龙管业,002457,2.48,649.96,0.84,0.81,0.03
楚天科技,300358,4.61,338.63,1.27,1.24,0.03
迦南科技,300412,3.4,100.34,0.43,0.4,0.03
和顺电气,300141,0.56,59.62,0.15,0.12,0.03
北新路桥,002307,1.24,692.11,0.82,0.78,0.03
报喜鸟,002154,1.08,1158.76,0.93,0.9,0.03
徐家汇,002561,1.34,517.24,0.77,0.74,0.03
台基股份,300046,2.42,296.95,0.56,0.52,0.04
新疆浩源,002700,1.24,500.63,0.68,0.65,0.04
兰太实业,600328,0.76,273.2,0.38,0.34,0.04
汇通能源,600605,1.35,198.73,0.37,0.33,0.04
太阳电缆,002300,1.33,599.41,0.66,0.62,0.04
潍柴重机,000880,1.7,229.91,0.36,0.32,0.04
中颖电子,300327,1.36,231.02,0.47,0.43,0.04
华鑫股份,600621,0.56,291.3,0.39,0.36,0.04
乐凯新材,300446,3.82,58.78,0.63,0.59,0.04
南通锻压,300280,3.14,150.78,0.36,0.32,0.04
苏泊尔,002032,0.73,340.28,0.88,0.84,0.04
全信股份,300447,1.52,30.81,0.27,0.23,0.04
汇金股份,300368,6.08,464.51,1.07,1.03,0.04
科恒股份,300340,2.93,235.01,0.62,0.58,0.04
中海科技,002401,1.4,419.39,0.79,0.75,0.04
运达科技,300440,0.9,25.32,0.2,0.16,0.04
清水源,300437,1.85,30.82,0.24,0.2,0.04
泰和新材,002254,1.03,631.29,1.02,0.98,0.04
天茂集团,000627,0.27,371.1,0.37,0.33,0.04
金杯电工,002533,2.2,1100.95,1,0.96,0.04
智云股份,300097,1.13,90.28,0.34,0.29,0.04
中国国贸,600007,0.27,275.33,0.41,0.37,0.04
生益科技,600183,2.96,4254.88,3.55,3.5,0.05
通产丽星,002243,1.42,439.69,0.52,0.47,0.05
三五互联,300051,1.14,240.94,0.43,0.38,0.05
星星科技,300256,1.89,249.41,0.5,0.46,0.05
创意信息,300366,1.53,54.67,0.27,0.22,0.05
光迅科技,002281,1.57,255.65,1.16,1.11,0.05
晨光生物,300138,1.78,245.34,0.44,0.39,0.05
渝开发,000514,0.48,402.08,0.39,0.34,0.05
赞宇科技,002637,3.24,367.81,0.73,0.68,0.05
联明股份,603006,2.81,96.89,0.4,0.35,0.05
特发信息,000070,0.52,135.63,0.36,0.31,0.05
金轮股份,002722,2.8,128.2,0.35,0.3,0.05
永利带业,300230,2.28,240.99,0.43,0.38,0.05
雅百特,002323,1.65,138.11,0.47,0.41,0.05
兰生股份,600826,3.85,1618.75,4.59,4.54,0.05
日海通讯,002313,2.47,769.49,1.14,1.09,0.05
华虹计通,300330,1.85,310.26,0.53,0.48,0.05
九安医疗,002432,0.23,84.28,0.24,0.19,0.06
智慧农业,000816,3.93,4276.72,3.7,3.64,0.06
中电环保,300172,1,227.25,0.39,0.33,0.06
互动娱乐,300043,1.26,974.22,1.56,1.51,0.06
安硕信息,300380,4.27,206.12,1.58,1.52,0.06
新皇浦,600638,1.54,862.59,1.18,1.12,0.06
凯发电气,300407,4.81,163.52,0.6,0.54,0.06
高盟新材,300200,1.17,237.1,0.35,0.29,0.06
浙江美大,002677,3.57,357.37,0.73,0.67,0.06
中泰化学,002092,3.11,3866.45,3.24,3.18,0.06
苏试试验,300416,7.02,110.18,0.77,0.71,0.06
江中药业,600750,2.52,756.52,2.92,2.86,0.06
深深宝A,000019,1.06,266.34,0.4,0.36,0.06
蓝光发展,600466,0.75,329.87,0.41,0.35,0.06
兴民钢圈,002355,2.14,731.73,0.69,0.62,0.06
长高集团,002452,1.59,577.77,0.53,0.46,0.07
特尔佳,002213,1.98,285.81,0.46,0.4,0.07
鹏辉能源,300438,1.17,24.66,0.21,0.14,0.07
保龄宝,002286,1.67,445.15,0.65,0.58,0.07
中工国际,002051,1.64,1251.72,3.06,2.99,0.07
东北电气,000585,13.6,828.18,0.53,0.47,0.07
珠江钢琴,002678,0.99,348.35,1.62,1.55,0.07
悦心健康,002162,0.23,143.06,0.2,0.13,0.07
深天地A,000023,0.65,90.31,0.28,0.2,0.07
亚通股份,600692,0.96,245.69,0.4,0.33,0.07
中科曙光,603019,1.91,143.47,1.21,1.13,0.07
亚宝药业,600351,4.26,2693.69,3.76,3.68,0.07
科泰电源,300153,1.09,169.16,0.27,0.2,0.08
安纳达,002136,1.31,279.89,0.39,0.32,0.08
燕京啤酒,000729,4.91,12313.16,10.9,10.82,0.08
三爱富,600636,3.21,1224.25,1.97,1.89,0.08
汇中股份,300371,5.04,178.81,0.51,0.43,0.08
金自天正,600560,0.94,210.53,0.42,0.34,0.08
广弘控股,000529,0.52,296,0.42,0.33,0.08
哈尔斯,002615,2.44,251.25,0.52,0.44,0.08
仙琚制药,002332,2.64,1232.66,1.79,1.71,0.08
哈高科,600095,1.01,365.73,0.42,0.33,0.08
江海股份,002484,1.31,402.25,0.84,0.75,0.08
国祯环保,300388,1.19,98.02,0.33,0.24,0.09
飞力达,300240,2.34,569.95,0.94,0.85,0.09
南京港,002040,1.77,434.56,0.66,0.57,0.09
德美化工,002054,1.2,379.26,0.47,0.38,0.09
重庆水务,601158,2.88,13828.34,14.09,14,0.09
正业科技,300410,2.61,39.17,0.29,0.2,0.09
北京君正,300223,2.96,288.47,0.85,0.75,0.09
东方钽业,000962,2.91,1282.73,1.56,1.47,0.1
津膜科技,300334,1.13,291.63,0.75,0.65,0.1
赛象科技,002337,1.28,725.05,0.82,0.72,0.1
瑞泰科技,002066,2.72,627.89,1.44,1.34,0.1
北京科锐,002350,2.04,445.88,0.86,0.76,0.1
华邦健康,002004,1.05,1310.55,1.79,1.69,0.1
汉森制药,002412,0.99,283.56,0.68,0.58,0.1
史丹利,002588,2.2,773.43,2,1.9,0.1
杉杉股份,600884,4.26,1748.1,5.02,4.92,0.1
号百控股,600640,2.57,1374.91,3.07,2.96,0.11
汤臣倍健,300146,2.69,908.71,3.15,3.04,0.11
天顺风能,002531,0.92,751.38,0.97,0.86,0.11
东软集团,600718,2.99,3670.56,6.6,6.49,0.11
罗平锌电,002114,4.52,389.68,0.66,0.55,0.11
三变科技,002112,1.33,240.27,0.46,0.35,0.11
全志科技,300458,5.1,203.91,1.74,1.62,0.12
重庆燃气,600917,25.6,3994.05,4.96,4.84,0.12
燕塘乳业,002732,5.58,219.55,0.74,0.63,0.12
蓝色光标,300058,1.66,2327.88,3.33,3.21,0.12
云南盐化,002053,1.45,269.36,0.74,0.62,0.12
乐金健康,300247,0.95,159.07,0.34,0.21,0.12
万里扬,002434,1.09,543.54,0.94,0.81,0.12
神奇制药,600613,1.47,259.91,0.58,0.46,0.13
新研股份,300159,1.86,1069.07,1.92,1.79,0.13
重庆港九,600279,0.82,279.01,0.46,0.33,0.13
三垒股份,002621,4.3,241.63,0.57,0.44,0.14
汉王科技,002362,1.35,238.56,0.71,0.58,0.14
银河电子,002519,1.06,464.64,1.03,0.9,0.14
创业软件,300451,5.65,95.97,1.72,1.59,0.14
西藏城投,600773,4.35,2349.7,4.07,3.93,0.14
深深房A,000029,0.52,464.34,0.63,0.48,0.15
神思电子,300479,2.91,58.27,0.5,0.35,0.15
桑德环境,000826,4.08,3431.87,13.14,13,0.15
深华发A,000020,2.07,133.62,0.42,0.26,0.15
永清环保,300187,0.92,182.51,0.76,0.6,0.15
利达光电,002189,2.75,545.79,1.41,1.25,0.15
凯瑞德,002072,2.32,409.13,0.84,0.68,0.16
华业资本,600240,4.13,5887.31,8.39,8.23,0.16
快乐购,300413,3.44,240.73,1.09,0.93,0.16
天兴仪表,000710,1.24,188.03,0.51,0.34,0.16
威尔泰,002058,2.19,314.75,0.7,0.54,0.16
宝莱特,300246,3.9,415.45,1.42,1.25,0.17
智慧松德,300173,2.12,521.23,0.98,0.8,0.18
初灵信息,300250,5.01,221.64,1.27,1.09,0.18
天玑科技,300245,1.54,268.44,0.75,0.56,0.19
仟源医药,300254,2.19,229.39,0.83,0.64,0.19
东方通,300379,3.18,186.5,1.34,1.15,0.19
中关村,000931,4.52,2988.36,3.3,3.1,0.2
中原特钢,002423,1.16,541.15,0.92,0.71,0.22
天赐材料,002709,3.03,172.59,0.84,0.62,0.22
晟光文具,603899,22.93,1374.47,5.66,5.43,0.22
任子行,300311,1.95,256.81,1.07,0.83,0.23
永辉超市,601933,4.05,12437.05,13.62,13.39,0.23
梅雁吉祥,600868,0.39,736.02,0.63,0.4,0.23
宁波精达,603088,4.69,93.85,0.61,0.37,0.24
兰石重装,603169,13.33,2133.61,4.18,3.94,0.24
奥特迅,002227,1.23,267.19,1.04,0.79,0.24
恒华科技,300365,3.97,228.55,0.84,0.59,0.25
新华联,000620,4.25,6797.14,7.48,7.23,0.25
广日股份,600894,3.49,3002,5.6,5.35,0.26
雅化集团,002497,1.63,1157.78,1.1,0.83,0.27
南洋科技,002389,1.5,588.95,1.19,0.92,0.27
长江传媒,600757,3,3647.02,3.99,3.72,0.27
兴蓉环境,000598,4.8,14321.72,11.27,11,0.27
创业环保,600874,4.86,5287.44,5.91,5.63,0.28
贝因美,002570,1.07,1092.6,2.03,1.74,0.29
晋亿实业,601002,2.63,1943.4,2.51,2.22,0.29
*ST融捷,002192,4.88,558.78,1.74,1.44,0.29
置信电气,600517,4.44,4938.8,6.4,6.11,0.3
沧州明珠,002108,1.19,688.04,1.26,0.95,0.3
江山股份,600389,3.67,726.45,2.05,1.74,0.31
大众公用,600635,2.13,5254.5,4.68,4.36,0.31
银信科技,300231,3.25,831.03,1.8,1.48,0.32
外运发展,600270,3.96,3587.65,9.45,9.13,0.33
浙报传媒,600633,3.13,3553.1,6.4,6.07,0.33
新嘉联,002188,2.9,434.75,1.44,1.1,0.35
信息发展,300469,6.63,110.76,1.06,0.7,0.36
济川药业,600566,11.19,1919.1,4.88,4.52,0.36
鹏博士,600804,3.08,4187.53,10.79,10.43,0.36
西藏矿业,000762,3.27,1557.95,2.69,2.32,0.37
东港股份,002117,1.9,686.38,2.35,1.97,0.39
豫园商城,600655,4.02,5780.09,9.93,9.54,0.39
华发股份,600325,6.89,5631.39,8.84,8.45,0.39
卧龙电气,600580,4.09,2810.76,4.42,4.01,0.4
惠而浦,600983,4.3,2291.7,3.41,2.99,0.42
巨化股份,600160,0.99,1790.4,2.4,1.98,0.42
百联股份,600827,4.67,7206.14,14.04,13.61,0.43
上海梅林,600073,3.41,2803.92,3.66,3.22,0.43
康得新,002450,1.43,2050.44,7.33,6.9,0.43
生意宝,002095,0.95,237.67,1.74,1.29,0.44
千山药机,300216,3.55,927.66,4.42,3.96,0.45
华东电脑,600850,3.48,1120.65,5.75,5.29,0.46
广晟有色,600259,2.77,691.95,3.35,2.89,0.46
海天味业,603288,18.37,4948.04,16.8,16.33,0.47
禾欣股份,002343,2.65,405.27,1.67,1.16,0.51
深圳华强,000062,3.78,2519.47,11.37,10.85,0.52
科力远,600478,3.26,2773,5.1,4.55,0.55
石基信息,002153,3.68,600.36,6.89,6.3,0.59
新世界,600628,2.99,1590.17,2.93,2.32,0.61
佛山照明,000541,3.16,3079.9,3.95,3.33,0.62
新希望,000876,3.61,6231.61,11.83,11.21,0.63
凤凰传媒,601928,3.61,6231.61,11.83,11.21,0.63
晨鸣纸业,000488,6.77,7484.74,6.71,6.06,0.65
重庆百货,600729,3.27,1215.56,3.94,3.28,0.66
中核科技,000777,2.65,1015.26,3.62,2.95,0.67
北部湾港,000582,11.92,1683.19,4.09,3.41,0.68
健康元,600380,2.49,3847.92,5.79,5.09,0.7
氯碱化工,600618,3.95,2963.39,4.12,2.27,0.74
潜能恒信,300191,1.47,304.31,1.34,0.53,0.81
中国宝安,000009,1.88,2805.09,4.49,3.66,0.83
中国软件,600536,3.05,1478.84,5.31,4.48,0.83
海欣股份,600851,6.68,4930.98,5.94,5.07,0.87
轻纺城,600790,1.12,1170.85,0.88,0,0.88
城投控股,600649,3.18,9515.58,13.51,12.61,0.9
大连港,601880,3.93,13233.88,9.18,8.28,0.91
上海机场,600009,7.03,7685,23.22,22.28,0.95
中海发展,600026,4.41,12055.92,13.36,12.4,0.96
华工科技,000988,3.92,3494.63,6.2,5.21,0.99
外高桥,600648,4.35,4072.16,11.61,10.61,1
中远航运,600428,2.86,4834.72,6.89,5.86,1.03
华远地产,600743,3.95,7180.23,5.7,4.65,1.05
江淮汽车,600418,5.15,4274.84,6.87,5.82,1.06
中航动控,000738,3.9,4471.98,15.25,14.13,1.12
华泽钴镍,000693,2.57,657.3,1.13,0,1.13
大众交通,600611,4.42,4604.66,7.37,6.15,1.22
苏宁云商,002024,1.46,7323.19,11.91,10.65,1.26
通化东宝,600867,2.83,3206.42,8.18,6.79,1.39
宇通客车,600066,4.59,8738,19.15,17.72,1.43
天齐锂业,002466,3.87,638.56,5.2,3.73,1.47
宁波港,601018,2.17,27782.84,22.67,21.19,1.48
皖新传媒,601801,3.6,3274.89,9.97,8.42,1.55
浦东金桥,600639,5.42,3558.8,8.9,7.11,1.79
同花顺,300033,6.15,1611.29,13.96,12.03,1.94
比亚迪,002594,2.77,2087.34,14.01,11.52,2.49
中国中冶,601618,2.4,39006.57,30.39,27.72,2.67
陆家嘴,600663,4.4,5974.46,30.05,27.37,2.68
宗申动力,001696,1.97,1746.16,2.71,0,2.71
达安基因,002030,3.59,2283.39,10.28,7.41,2.88
中海集运,601866,3.29,26076.91,22.77,19.68,3.09
五矿发展,600058,2.99,3205.08,11.96,8.7,3.26
万向钱潮,000559,3.94,9015.74,20.2,16.8,3.39
恒瑞医药,600276,2.16,4210.3,22.13,18.65,3.48
中国远洋,601919,3.08,23534.81,27.37,22.96,4.41
华闻传媒,000793,2.88,4828.32,5.46,0,5.46
河北钢铁,000709,2.99,31749.76,10.32,0,10.32